CD,자치구,행정동,경도,위도
1,마포구,서교동,126.9282833,37.555877
2,마포구,서교동,126.9148529,37.55394736
3,마포구,서교동,126.9125146,37.55750905
4,마포구,서교동,126.9114586,37.55731134
5,마포구,서교동,126.9178611,37.55465023
6,마포구,서교동,126.9225282,37.54976352
7,마포구,서교동,126.9168368,37.54972974
8,마포구,서교동,126.9192592,37.54976857
9,마포구,서교동,126.9191284,37.54982712
10,마포구,서교동,126.9158509,37.54984077
11,마포구,서교동,126.9143637,37.55258539
12,마포구,서교동,126.9132349,37.55260337
13,마포구,서교동,126.9222241,37.55821526
14,마포구,서교동,126.9134914,37.55613828
15,마포구,서교동,126.9128576,37.55505368
16,마포구,서교동,126.9251486,37.55573005
17,마포구,서교동,126.9152078,37.55198237
18,마포구,서교동,126.9116864,37.55809527
19,마포구,서교동,126.9139103,37.5557176
20,마포구,서교동,126.9148159,37.55406516
21,마포구,서교동,126.9130846,37.55711953
22,마포구,서교동,126.9243328,37.55861823
23,마포구,서교동,126.9132142,37.55407253
24,마포구,서교동,126.9110949,37.55649313
25,마포구,서교동,126.9175494,37.554793
26,마포구,서교동,126.9231559,37.55338367
27,마포구,서교동,126.9140068,37.55591777
28,마포구,서교동,126.9113167,37.55727223
29,마포구,서교동,126.916006,37.55728385
30,마포구,서교동,126.9238196,37.55133269
31,마포구,서교동,126.9155865,37.55735283
32,마포구,서교동,126.9153206,37.55745746
33,마포구,서교동,126.9247667,37.55403845
34,마포구,서교동,126.9109517,37.55675216
35,마포구,서교동,126.9211413,37.55861852
36,마포구,서교동,126.911233,37.55634613
37,마포구,서교동,126.9196462,37.55019296
38,마포구,서교동,126.9172736,37.5502389
39,마포구,서교동,126.9127757,37.55580374
40,마포구,서교동,126.9129084,37.55585757
41,마포구,서교동,126.9144392,37.55317479
42,마포구,서교동,126.9255514,37.55924854
43,마포구,서교동,126.9154006,37.5568389
44,마포구,서교동,126.911112,37.55720404
45,마포구,서교동,126.9137223,37.55722245
46,마포구,서교동,126.9115996,37.55732784
47,마포구,서교동,126.9099838,37.55735741
48,마포구,서교동,126.913922,37.55669611
49,마포구,서교동,126.9107835,37.55671905
50,마포구,서교동,126.9147616,37.55694625
51,마포구,서교동,126.9239686,37.55524108
52,마포구,서교동,126.9249056,37.56005187
53,마포구,서교동,126.9156851,37.5528554
54,마포구,서교동,126.9171121,37.5501378
55,마포구,서교동,126.9134446,37.55551037
56,마포구,서교동,126.9159073,37.55556533
57,마포구,서교동,126.9145651,37.55284207
58,마포구,서교동,126.9132772,37.55286188
59,마포구,서교동,126.9204085,37.5529867
60,마포구,서교동,126.9171228,37.55781704
61,마포구,서교동,126.9138794,37.5578277
62,마포구,서교동,126.9145171,37.55266513
63,마포구,서교동,126.9115679,37.55677713
64,마포구,서교동,126.913754,37.55627901
65,마포구,서교동,126.9146645,37.55264396
66,마포구,서교동,126.9181998,37.55401067
67,마포구,서교동,126.913191,37.55643735
68,마포구,서교동,126.9113654,37.55655719
69,마포구,서교동,126.9121607,37.55520607
70,마포구,서교동,126.9126883,37.5575514
71,마포구,서교동,126.9148056,37.55762277
72,마포구,서교동,126.9172229,37.55598733
73,마포구,서교동,126.9129172,37.55761851
74,마포구,서교동,126.9221306,37.55762175
75,마포구,서교동,126.92399,37.55882794
76,마포구,서교동,126.9223188,37.55834922
77,마포구,서교동,126.9135745,37.55244562
78,마포구,서교동,126.9134316,37.55240485
79,마포구,서교동,126.9278981,37.55609644
80,마포구,서교동,126.9208656,37.55265732
81,마포구,서교동,126.9129245,37.5526792
82,마포구,서교동,126.9311047,37.555455
83,마포구,서교동,126.9208987,37.55197746
84,마포구,서교동,126.9176087,37.54930701
85,마포구,서교동,126.9135926,37.55262189
86,마포구,서교동,126.915782,37.55270158
87,마포구,서교동,126.9305771,37.55652432
88,마포구,서교동,126.9296216,37.55542505
89,마포구,서교동,126.9128966,37.55274121
90,마포구,서교동,126.9138833,37.55546004
91,마포구,서교동,126.9169032,37.55439227
92,마포구,서교동,126.9274562,37.55637204
93,마포구,서교동,126.9161752,37.54985607
94,마포구,서교동,126.9312637,37.55578077
95,마포구,서교동,126.9314091,37.555863
96,마포구,서교동,126.9174469,37.54934192
97,마포구,서교동,126.9177281,37.54948863
98,마포구,서교동,126.9204251,37.54953676
99,마포구,서교동,126.91636,37.55010578
100,마포구,서교동,126.9268368,37.55391564
101,마포구,서교동,126.9245663,37.55851183
102,마포구,서교동,126.9222356,37.55782179
103,마포구,서교동,126.9224037,37.5578644
104,마포구,서교동,126.9146258,37.5524373
105,마포구,서교동,126.9157346,37.5524535
106,마포구,서교동,126.9153935,37.55247095
107,마포구,서교동,126.9139545,37.55251951
108,마포구,서교동,126.9124172,37.55512662
109,마포구,서교동,126.913673,37.55576003
110,마포구,서교동,126.9222788,37.55194553
111,마포구,서교동,126.9105907,37.55613693
112,마포구,서교동,126.9183309,37.55618679
113,마포구,서교동,126.9113942,37.55625645
114,마포구,서교동,126.9134496,37.55411101
115,마포구,서교동,126.9181194,37.55409458
116,마포구,서교동,126.9103987,37.55725981
117,마포구,서교동,126.9180037,37.55418031
118,마포구,서교동,126.9157635,37.55739743
119,마포구,서교동,126.9228633,37.55342368
120,마포구,서교동,126.913311,37.55344395
121,마포구,서교동,126.9134556,37.55347386
122,마포구,서교동,126.9126883,37.55346121
123,마포구,서교동,126.9117568,37.55791149
124,마포구,서교동,126.9098805,37.55751828
125,마포구,서교동,126.9107351,37.55755488
126,마포구,서교동,126.9220657,37.5590244
127,마포구,서교동,126.920584,37.5530593
128,마포구,서교동,126.9118481,37.55808176
129,마포구,서교동,126.9221332,37.55807928
130,마포구,서교동,126.9118018,37.55820167
131,마포구,서교동,126.9122106,37.55506494
132,마포구,서교동,126.9244378,37.55846593
133,마포구,서교동,126.9181976,37.55422001
134,마포구,서교동,126.9109987,37.5566425
135,마포구,서교동,126.9118811,37.55762454
136,마포구,서교동,126.9111673,37.55781614
137,마포구,서교동,126.9285579,37.5547391
138,마포구,서교동,126.9141727,37.55337234
139,마포구,서교동,126.9206013,37.55283724
140,마포구,서교동,126.9219916,37.54973874
141,마포구,서교동,126.9159102,37.55409327
142,마포구,서교동,126.9133626,37.5556183
143,마포구,서교동,126.9155104,37.55288433
144,마포구,서교동,126.9108488,37.55795905
145,마포구,서교동,126.919447,37.54991448
146,마포구,서교동,126.91369,37.55246918
147,마포구,서교동,126.9156325,37.55272246
148,마포구,서교동,126.913075,37.55257745
149,마포구,서교동,126.9173423,37.55604714
150,마포구,서교동,126.9295819,37.55674196
151,마포구,서교동,126.9250269,37.56022125
152,마포구,서교동,126.9137979,37.55787647
153,마포구,서교동,126.9287025,37.55592345
154,마포구,서교동,126.9272017,37.5563893
155,마포구,서교동,126.9194833,37.5509096
156,마포구,서교동,126.9156785,37.55299393
157,마포구,서교동,126.9104697,37.55707004
158,마포구,서교동,126.9257435,37.55900956
159,마포구,서교동,126.9123158,37.55796673
160,마포구,서교동,126.9314706,37.5555719
161,마포구,서교동,126.9168031,37.54993934
162,마포구,서교동,126.9257967,37.55909823
163,마포구,서교동,126.9147517,37.55287323
164,마포구,서교동,126.9323395,37.55534695
165,마포구,서교동,126.9149973,37.55662936
166,마포구,서교동,126.913888,37.55697624
167,마포구,서교동,126.9135613,37.55394019
168,마포구,서교동,126.9250067,37.55580946
169,마포구,서교동,126.9183159,37.55430416
170,마포구,서교동,126.9292779,37.55695333
171,마포구,서교동,126.9281449,37.55401146
172,마포구,서교동,126.9185061,37.55442763
173,마포구,서교동,126.9163291,37.55724411
174,마포구,서교동,126.928652,37.5562379
175,마포구,서교동,126.9291772,37.55744845
176,마포구,서교동,126.9148587,37.55805176
177,마포구,서교동,126.9119433,37.5567599
178,마포구,서교동,126.9295898,37.55575107
179,마포구,서교동,126.9314863,37.55568391
180,마포구,서교동,126.9118257,37.55708891
181,마포구,서교동,126.9254359,37.55405626
182,마포구,서교동,126.925375,37.55375269
183,마포구,서교동,126.9097774,37.55750524
184,마포구,서교동,126.9132162,37.55554827
185,마포구,서교동,126.9169808,37.55035018
186,마포구,서교동,126.9293915,37.55530667
187,마포구,서교동,126.9165572,37.55024172
188,마포구,서교동,126.9134342,37.55599403
189,마포구,서교동,126.9135895,37.55730932
190,마포구,서교동,126.9318091,37.55575279
191,마포구,서교동,126.9261273,37.55426123
192,마포구,서교동,126.9135557,37.55378638
193,마포구,서교동,126.9227192,37.55989546
194,마포구,서교동,126.9274674,37.55420447
195,마포구,서교동,126.9203833,37.54990745
196,마포구,서교동,126.9224114,37.55852322
197,마포구,서교동,126.9200915,37.55173695
198,마포구,서교동,126.913188,37.5527906
199,마포구,서교동,126.9128678,37.55280764
200,마포구,서교동,126.9156776,37.55384429
201,마포구,서교동,126.9144764,37.5580768
202,마포구,서교동,126.9317022,37.55606717
203,마포구,서교동,126.9141954,37.55301196
204,마포구,서교동,126.9184757,37.55485502
205,마포구,서교동,126.9150174,37.55425274
206,마포구,서교동,126.9132939,37.55581988
207,마포구,서교동,126.9174279,37.55385995
208,마포구,서교동,126.9158645,37.55748136
209,마포구,서교동,126.9297523,37.55525058
210,마포구,서교동,126.9254473,37.55391774
211,마포구,서교동,126.9256899,37.55891682
212,마포구,서교동,126.9160393,37.55344754
213,마포구,서교동,126.9130774,37.55277758
214,마포구,서교동,126.910148,37.55758036
215,마포구,서교동,126.9130681,37.55289822
216,마포구,서교동,126.9221391,37.55959089
217,마포구,서교동,126.9203349,37.55170355
218,마포구,서교동,126.9134453,37.55360351
219,동작구,상도1동,126.9528821,37.50288404
220,동작구,상도1동,126.9524004,37.50475449
221,동작구,상도1동,126.9516591,37.50054142
222,동작구,상도1동,126.9533408,37.5009171
223,동작구,상도1동,126.9504147,37.50298099
224,동작구,상도1동,126.9519189,37.50191208
225,동작구,상도1동,126.9519262,37.50579993
226,동작구,상도1동,126.9544064,37.49219568
227,동작구,상도1동,126.957913,37.49332306
228,동작구,상도1동,126.9520696,37.50432555
229,동작구,상도1동,126.9536647,37.50322945
230,동작구,상도1동,126.9513683,37.50286432
231,동작구,상도1동,126.9521791,37.50003633
232,동작구,상도1동,126.9535954,37.50674421
233,동작구,상도1동,126.9513959,37.50627613
234,동작구,상도1동,126.9469299,37.50203481
235,동작구,상도1동,126.954077,37.49326053
236,동작구,상도1동,126.956639,37.49326162
237,동작구,상도1동,126.9594697,37.4942215
238,동작구,상도1동,126.9532146,37.50529662
239,동작구,상도1동,126.9513939,37.50508174
240,동작구,상도1동,126.951811,37.50237244
241,동작구,상도1동,126.9527975,37.50239745
242,동작구,상도1동,126.9508753,37.50317316
243,동작구,상도1동,126.9511276,37.50186668
244,동작구,상도1동,126.9515403,37.50337296
245,동작구,상도1동,126.9522529,37.49584522
246,동작구,상도1동,126.9522341,37.50825764
247,동작구,상도1동,126.9473571,37.5021088
248,동작구,상도1동,126.9516912,37.50578363
249,동작구,상도1동,126.9545054,37.50142755
250,동작구,상도1동,126.9522331,37.50434011
251,동작구,상도1동,126.95461,37.49331417
252,동작구,상도1동,126.9486529,37.5003984
253,동작구,상도1동,126.9520043,37.50088722
254,동작구,상도1동,126.9514902,37.50708487
255,동작구,상도1동,126.9531179,37.50120315
256,동작구,상도1동,126.9558107,37.49318342
257,동작구,상도1동,126.9491799,37.50441888
258,동작구,상도1동,126.9526844,37.49562902
259,동작구,상도1동,126.9508146,37.50260256
260,동작구,상도1동,126.9523999,37.50305854
261,동작구,상도1동,126.9507155,37.50394866
262,동작구,상도1동,126.9487929,37.5001635
263,동작구,상도1동,126.9550832,37.49348513
264,동작구,상도1동,126.9532528,37.49428855
265,동작구,상도1동,126.9534424,37.50710117
266,동작구,상도1동,126.954494,37.49180003
267,동작구,상도1동,126.9524323,37.5078149
268,동작구,상도1동,126.9528654,37.49955143
269,동작구,상도1동,126.9525549,37.50054135
270,동작구,상도1동,126.953528,37.49364686
271,동작구,상도1동,126.9535108,37.49786542
272,동작구,상도1동,126.9504768,37.50722721
273,동작구,상도1동,126.9569904,37.49342068
274,동작구,상도1동,126.9544955,37.49704577
275,동작구,상도1동,126.9522755,37.50798648
276,동작구,상도1동,126.9529815,37.49980069
277,동작구,상도1동,126.9526049,37.49987461
278,동작구,상도1동,126.9538158,37.50370717
279,동작구,상도1동,126.9530201,37.50744691
280,동작구,상도1동,126.9532299,37.50206639
281,동작구,상도1동,126.9520782,37.50577294
282,동작구,상도1동,126.9525972,37.50722703
283,동작구,상도1동,126.9549235,37.49296591
284,동작구,상도1동,126.9521114,37.50357082
285,동작구,상도1동,126.9474783,37.50190838
286,동작구,상도1동,126.9539178,37.50760657
287,동작구,상도1동,126.9527105,37.50795439
288,동작구,상도1동,126.9545863,37.49192266
289,동작구,상도1동,126.9497706,37.502312
290,동작구,상도1동,126.9581072,37.49305535
291,동작구,상도1동,126.9540675,37.49214552
292,동작구,상도1동,126.9540447,37.49203667
293,동작구,상도1동,126.9523079,37.50715864
294,동작구,상도1동,126.9515596,37.50099113
295,동작구,상도1동,126.9536884,37.49502435
296,동작구,상도1동,126.9491545,37.50314852
297,동작구,상도1동,126.9505575,37.50426355
298,동작구,상도1동,126.9520882,37.50466376
299,동작구,상도1동,126.9513387,37.50218069
300,동작구,상도1동,126.9522542,37.50160008
301,동작구,상도1동,126.950312,37.50678345
302,동작구,상도1동,126.9526863,37.50344028
303,동작구,상도1동,126.9509871,37.49811079
304,동작구,상도1동,126.9518289,37.50579135
305,동작구,상도1동,126.9534343,37.49975255
306,동작구,상도1동,126.9487545,37.50029949
307,동작구,상도1동,126.953206,37.50377967
308,동작구,상도1동,126.9579416,37.49763701
309,동작구,상도1동,126.9505158,37.50247873
310,동작구,상도1동,126.9526635,37.50186899
311,동작구,상도1동,126.9521249,37.50775012
312,동작구,상도1동,126.9533686,37.50033033
313,동작구,상도1동,126.9551542,37.4926854
314,동작구,상도1동,126.9553765,37.49332014
315,동작구,상도1동,126.9511822,37.50735958
316,동작구,상도1동,126.9483467,37.50128003
317,동작구,상도1동,126.9520624,37.50586492
318,동작구,상도1동,126.955152,37.49244055
319,동작구,상도1동,126.9519566,37.50597816
320,동작구,상도1동,126.9527489,37.50273679
321,동작구,상도1동,126.9486276,37.50067764
322,동작구,상도1동,126.9517255,37.50532701
323,동작구,상도1동,126.9531327,37.49435383
324,동작구,상도1동,126.9501309,37.50325411
325,동작구,상도1동,126.9529491,37.50059597
326,동작구,상도1동,126.9505109,37.49940428
327,동작구,상도1동,126.9592144,37.49825294
328,동작구,상도1동,126.9587431,37.49793104
329,동작구,상도1동,126.9565153,37.49402813
330,동작구,상도1동,126.9521782,37.50678401
331,동작구,상도1동,126.9485819,37.50031587
332,동작구,상도1동,126.9493198,37.50022084
333,동작구,상도1동,126.9522487,37.50234437
334,동작구,상도1동,126.9532898,37.49440863
335,동작구,상도1동,126.9531166,37.50284761
336,동작구,상도1동,126.9525998,37.50792717
337,동작구,상도1동,126.9549234,37.49309876
338,동작구,상도1동,126.9531781,37.50745716
339,동작구,상도1동,126.9516595,37.50372618
340,동작구,상도1동,126.9522825,37.50215231
341,동작구,상도1동,126.9528262,37.50416021
342,동작구,상도1동,126.9539351,37.4931914
343,동작구,상도1동,126.9515161,37.49796967
344,동작구,상도1동,126.9487304,37.50081739
345,동작구,상도1동,126.9508151,37.50674116
346,동작구,상도1동,126.9518285,37.50204005
347,동작구,상도1동,126.952621,37.49584348
348,동작구,상도1동,126.9537484,37.50771059
349,동작구,상도1동,126.9572835,37.49410054
350,동작구,상도1동,126.9530565,37.50444841
351,동작구,상도1동,126.9553532,37.49239396
352,동작구,상도1동,126.9487674,37.5010764
353,동작구,상도1동,126.9523992,37.5075654
354,동작구,상도1동,126.9525933,37.50146229
355,동작구,상도1동,126.9568104,37.49449468
356,동작구,상도1동,126.9524211,37.50250373
357,동작구,상도1동,126.9553086,37.49349567
358,동작구,상도1동,126.947245,37.50188896
359,동작구,상도1동,126.9527337,37.50288309
360,동작구,상도1동,126.9527029,37.50323159
361,동작구,상도1동,126.9578569,37.49332283
362,동작구,상도1동,126.9496756,37.49845438
363,동작구,상도1동,126.9461876,37.50285481
364,동작구,상도1동,126.9553417,37.49267662
365,동작구,상도1동,126.9529029,37.50272598
366,동작구,상도1동,126.9493399,37.50233553
367,동작구,상도1동,126.9523883,37.49957316
368,동작구,상도1동,126.9523937,37.50321405
369,동작구,상도1동,126.9531553,37.50087171
370,동작구,상도1동,126.9523486,37.49593747
371,동작구,상도1동,126.9529859,37.50429049
372,동작구,상도1동,126.9542239,37.49221096
373,동작구,상도1동,126.9533727,37.50749294
374,동작구,상도1동,126.9546474,37.49215883
375,동작구,상도1동,126.9519816,37.50403255
376,동작구,상도1동,126.9523608,37.50739463
377,동작구,상도1동,126.9539395,37.50728365
378,동작구,상도1동,126.9519361,37.5045221
379,동작구,상도1동,126.9531417,37.50429008
380,동작구,상도1동,126.9524795,37.50120044
381,동작구,상도1동,126.9536829,37.50331992
382,동작구,상도1동,126.9551027,37.4933123
383,동작구,상도1동,126.9493218,37.50045101
384,동작구,상도1동,126.9482028,37.50113391
385,동작구,상도1동,126.9514648,37.50371543
386,동작구,상도1동,126.9543495,37.49393067
387,동작구,상도1동,126.9490167,37.5027408
388,동작구,상도1동,126.9520698,37.50598831
389,동작구,상도1동,126.953063,37.50366491
390,동작구,상도1동,126.9610097,37.49546809
391,동작구,상도1동,126.952288,37.50387224
392,동작구,상도1동,126.9509067,37.50380627
393,동작구,상도1동,126.9582844,37.49474473
394,동작구,상도1동,126.9523561,37.50171617
395,동작구,상도1동,126.9480812,37.50107746
396,동작구,상도1동,126.952866,37.5074374
397,동작구,상도1동,126.9493545,37.49956126
398,동작구,상도1동,126.9551449,37.49312346
399,동작구,상도1동,126.9525706,37.50832991
400,동작구,상도1동,126.9532934,37.50073082
401,동작구,상도1동,126.949392,37.50054541
402,동작구,상도1동,126.9519258,37.50792726
403,동작구,상도1동,126.9468986,37.50228835
404,동작구,상도1동,126.9492388,37.50051452
405,동작구,상도1동,126.9530195,37.5012892
406,동작구,상도1동,126.9541588,37.49251903
407,동작구,상도1동,126.9514329,37.49781073
408,동작구,상도1동,126.9534766,37.49991252
409,동작구,상도1동,126.9506623,37.49903648
410,동작구,상도1동,126.9513908,37.50717947
411,동작구,상도1동,126.951377,37.50742052
412,동작구,상도1동,126.9529353,37.50242418
413,동작구,상도1동,126.9487815,37.50041852
414,동작구,상도1동,126.9549261,37.49275036
415,동작구,상도1동,126.9514794,37.50292405
416,동작구,상도1동,126.9526295,37.50745478
417,동작구,상도1동,126.9571808,37.49381548
418,동작구,상도1동,126.9595791,37.49420469
419,동작구,상도1동,126.9571612,37.49310337
420,동작구,상도1동,126.9516752,37.5051155
421,동작구,상도1동,126.9511973,37.50277447
422,동작구,상도1동,126.9539254,37.50744915
423,동작구,상도1동,126.9518703,37.50750168
424,동작구,상도1동,126.9484497,37.50044369
425,동작구,상도1동,126.952655,37.50818459
426,동작구,상도1동,126.9535176,37.50006073
427,동작구,상도1동,126.9499188,37.50127868
428,동작구,상도1동,126.951522,37.50575786
429,동작구,상도1동,126.9532111,37.5044629
430,동작구,상도1동,126.9525013,37.50184168
431,동작구,상도1동,126.9473834,37.50172522
432,동작구,상도1동,126.9544135,37.49318157
433,동작구,상도1동,126.9521606,37.50097079
434,동작구,상도1동,126.9540924,37.50264369
435,동작구,상도1동,126.9553414,37.49311096
436,동작구,상도1동,126.9500194,37.49872409
437,동작구,상도1동,126.9541181,37.50711233
438,동작구,상도1동,126.951161,37.50493446
439,동작구,상도1동,126.9531399,37.50709603
440,동작구,상도1동,126.9530667,37.50324624
441,동작구,상도1동,126.949775,37.50004259
442,동작구,상도1동,126.9519597,37.50176915
443,동작구,상도1동,126.9519316,37.50067018
444,동작구,상도1동,126.9532605,37.50130234
445,동작구,상도1동,126.9529602,37.49600423
446,동작구,상도1동,126.9590937,37.49422387
447,동작구,상도1동,126.9543533,37.50705996
448,동작구,상도1동,126.9516971,37.5007394
449,동작구,상도1동,126.9510876,37.49992829
450,동작구,상도1동,126.9577893,37.493924
451,동작구,상도1동,126.9556115,37.49293047
452,동작구,상도1동,126.9534355,37.49319278
453,동작구,상도1동,126.9504392,37.50703151
454,동작구,상도1동,126.9540498,37.49381574
455,동작구,상도1동,126.9500067,37.50377505
456,동작구,상도1동,126.9481944,37.50053559
457,동작구,상도1동,126.9549223,37.49240103
458,동작구,상도1동,126.953142,37.50250791
459,동작구,상도1동,126.9532521,37.50155136
460,동작구,상도1동,126.9527914,37.49981084
461,동작구,상도1동,126.9508934,37.50750553
462,동작구,상도1동,126.9523311,37.49909823
463,동작구,상도1동,126.9509652,37.50108456
464,동작구,상도1동,126.9506195,37.50699267
465,동작구,상도1동,126.9524232,37.50286366
466,동작구,상도1동,126.9527851,37.50484271
467,동작구,상도1동,126.9521922,37.50670159
468,동작구,상도1동,126.9509698,37.50552151
469,동작구,상도1동,126.952719,37.50129229
470,동작구,상도1동,126.9534118,37.50309601
471,동작구,상도1동,126.9526454,37.50760856
472,동작구,상도1동,126.9543672,37.4920489
473,동작구,상도1동,126.9514524,37.50390753
474,동작구,상도1동,126.9524684,37.50343677
475,동작구,상도1동,126.9581088,37.49812801
476,동작구,상도1동,126.954005,37.49163236
477,동작구,상도1동,126.9534192,37.50674126
478,동작구,상도1동,126.9503601,37.49770701
479,동작구,상도1동,126.9509166,37.497671
480,동작구,상도1동,126.9508768,37.49797275
481,동작구,상도1동,126.9527789,37.50185054
482,동작구,상도1동,126.9507608,37.50374819
483,동작구,상도1동,126.9512456,37.50382319
484,동작구,상도1동,126.955736,37.49815035
485,동작구,상도1동,126.9506655,37.5025381
486,동작구,상도1동,126.9522695,37.50284963
487,동작구,상도1동,126.9559884,37.49286986
488,동작구,상도1동,126.955837,37.49282679
489,동작구,상도1동,126.9504519,37.49785396
490,동작구,상도1동,126.9539112,37.50115365
491,동작구,상도1동,126.9512356,37.50722483
492,동작구,상도1동,126.9517912,37.50170019
493,동작구,상도1동,126.9496776,37.50296051
494,동작구,상도1동,126.9527574,37.50253322
495,동작구,상도1동,126.9490823,37.50016022
496,동작구,상도1동,126.9510925,37.50381213
497,동작구,상도1동,126.9524042,37.50233709
498,동작구,상도1동,126.9522419,37.49936832
499,동작구,상도1동,126.9494709,37.50260123
500,동작구,상도1동,126.9496198,37.50271644
501,동작구,상도1동,126.9496951,37.49906217
502,동작구,상도1동,126.9515981,37.50652543
503,동작구,상도1동,126.9518491,37.50761765
504,동작구,상도1동,126.9476328,37.50176003
505,동작구,상도1동,126.9485267,37.50092039
506,동작구,상도1동,126.9510204,37.49745282
507,동작구,상도1동,126.9491058,37.5026049
508,동작구,상도1동,126.9491961,37.50251586
509,동작구,상도1동,126.9487244,37.50241466
510,동작구,상도1동,126.9544588,37.50285929
511,동작구,상도1동,126.9508623,37.50448705
512,동작구,상도1동,126.9535231,37.50309824
513,동작구,상도1동,126.9502262,37.49743651
514,동작구,상도1동,126.9507694,37.49743193
515,동작구,상도1동,126.9526191,37.50779462
516,동작구,상도1동,126.9533209,37.50012612
517,동작구,상도1동,126.9544654,37.49150705
518,동작구,상도1동,126.9490833,37.50028982
519,동작구,상도1동,126.9534587,37.50693212
520,동작구,상도1동,126.9532028,37.49416156
521,동작구,상도1동,126.9521303,37.50284263
522,강남구,대치4동,127.0580214,37.49921773
523,강남구,대치4동,127.0552246,37.49817915
524,강남구,대치4동,127.0532031,37.50305684
525,강남구,대치4동,127.0548027,37.49990917
526,강남구,대치4동,127.05875,37.50012758
527,강남구,대치4동,127.0530218,37.50078053
528,강남구,대치4동,127.056042,37.50030648
529,강남구,대치4동,127.0571594,37.49992037
530,강남구,대치4동,127.0575341,37.49975267
531,강남구,대치4동,127.0575994,37.4994703
532,강남구,대치4동,127.0584496,37.50025908
533,강남구,대치4동,127.0554881,37.50091372
534,강남구,대치4동,127.05103,37.50181785
535,강남구,대치4동,127.0576287,37.49923766
536,강남구,대치4동,127.0567249,37.49926252
537,강남구,대치4동,127.0580426,37.50072519
538,강남구,대치4동,127.0554431,37.50418866
539,강남구,대치4동,127.0569993,37.49838372
540,강남구,대치4동,127.0585675,37.50197475
541,강남구,대치4동,127.0550199,37.49832914
542,강남구,대치4동,127.0571245,37.50047703
543,강남구,대치4동,127.0533695,37.50349146
544,강남구,대치4동,127.0536776,37.50024144
545,강남구,대치4동,127.0528802,37.49983209
546,강남구,대치4동,127.0586913,37.50023688
547,강남구,대치4동,127.0592798,37.4992997
548,강남구,대치4동,127.0557821,37.49910238
549,강남구,대치4동,127.0559003,37.49990653
550,강남구,대치4동,127.0507398,37.5018725
551,강남구,대치4동,127.0574513,37.49917378
552,강남구,대치4동,127.0545157,37.503149
553,강남구,대치4동,127.0564797,37.49912049
554,강남구,대치4동,127.0562989,37.49913363
555,강남구,대치4동,127.0567276,37.49801716
556,강남구,대치4동,127.0549753,37.50016658
557,강남구,대치4동,127.0553076,37.50006335
558,강남구,대치4동,127.0553096,37.50329346
559,강남구,대치4동,127.0540805,37.50284099
560,강남구,대치4동,127.0535294,37.50354143
561,강남구,대치4동,127.0583349,37.50048289
562,강남구,대치4동,127.0531671,37.50342672
563,강남구,대치4동,127.0535332,37.49961854
564,강남구,대치4동,127.0562452,37.50037477
565,강남구,대치4동,127.0576157,37.50010862
566,강남구,대치4동,127.0531931,37.50252861
567,강남구,대치4동,127.0575623,37.49875232
568,강남구,대치4동,127.0554874,37.50146088
569,강남구,대치4동,127.0531703,37.50218054
570,강남구,대치4동,127.0552864,37.4980314
571,강남구,대치4동,127.0563602,37.50061995
572,강남구,대치4동,127.0524851,37.50044411
573,강남구,대치4동,127.0541396,37.50210083
574,강남구,대치4동,127.0572417,37.50113124
575,강남구,대치4동,127.0588756,37.50058924
576,강남구,대치4동,127.0526104,37.50078283
577,강남구,대치4동,127.0532667,37.50292447
578,강남구,대치4동,127.0548449,37.50030227
579,강남구,대치4동,127.0548725,37.50325953
580,강남구,대치4동,127.0578684,37.49932604
581,강남구,대치4동,127.0545887,37.50301572
582,강남구,대치4동,127.0564448,37.50044201
583,강남구,대치4동,127.05466,37.50287079
584,강남구,대치4동,127.0570288,37.49988353
585,강남구,대치4동,127.0563231,37.50005031
586,강남구,대치4동,127.0586311,37.50036388
587,강남구,대치4동,127.0557188,37.49922885
588,강남구,대치4동,127.058506,37.50060873
589,강남구,대치4동,127.0561904,37.49937791
590,강남구,대치4동,127.0510959,37.5016817
591,강남구,대치4동,127.0571177,37.50092001
592,강남구,대치4동,127.0571614,37.50083445
593,강남구,대치4동,127.0556819,37.50099651
594,강남구,대치4동,127.0600438,37.49954535
595,강남구,대치4동,127.0569578,37.49885042
596,강남구,대치4동,127.0563659,37.49902511
597,강남구,대치4동,127.0565685,37.4987287
598,강남구,대치4동,127.0560081,37.49826175
599,강남구,대치4동,127.0530363,37.50247614
600,강남구,대치4동,127.0538667,37.50279923
601,강남구,대치4동,127.0538199,37.50265046
602,강남구,대치4동,127.0549491,37.49996367
603,강남구,대치4동,127.057413,37.50408628
604,강남구,대치4동,127.0574587,37.50459675
605,강남구,대치4동,127.057004,37.49952178
606,강남구,대치4동,127.0581898,37.50076634
607,강남구,대치4동,127.0571186,37.50227117
608,강남구,대치4동,127.0555947,37.49957841
609,강남구,대치4동,127.0559827,37.4991581
610,강남구,대치4동,127.0576937,37.50154998
611,강남구,대치4동,127.0575944,37.49964289
612,강남구,대치4동,127.0521194,37.49972691
613,강남구,대치4동,127.0558331,37.49866311
614,강남구,대치4동,127.0551711,37.50001174
615,강남구,대치4동,127.0578774,37.49951827
616,강남구,대치4동,127.0579927,37.50191967
617,강남구,대치4동,127.0595125,37.49952656
618,강남구,대치4동,127.0534837,37.5028336
619,강남구,대치4동,127.0571698,37.49961335
620,강남구,대치4동,127.0546302,37.4998518
621,강남구,대치4동,127.0559513,37.49981073
622,강남구,대치4동,127.0571951,37.50215007
623,강남구,대치4동,127.054655,37.50061242
624,강남구,대치4동,127.0562881,37.49837684
625,강남구,대치4동,127.056002,37.50162025
626,강남구,대치4동,127.0565321,37.50201856
627,강남구,대치4동,127.0582004,37.49910401
628,강남구,대치4동,127.0580136,37.50185362
629,강남구,대치4동,127.0586105,37.49950014
630,강남구,역삼1동,127.0363684,37.50607366
631,강남구,역삼1동,127.0365849,37.50577496
632,강남구,역삼1동,127.0306963,37.50244504
633,강남구,역삼1동,127.0383948,37.49404203
634,강남구,역삼1동,127.0412728,37.5081176
635,강남구,역삼1동,127.0430064,37.50619034
636,강남구,역삼1동,127.033868,37.49227684
637,강남구,역삼1동,127.0382966,37.5064737
638,강남구,역삼1동,127.0364205,37.49612279
639,강남구,역삼1동,127.0451096,37.50749182
640,강남구,역삼1동,127.0360465,37.50546281
641,강남구,역삼1동,127.0428702,37.50784622
642,강남구,역삼1동,127.0313629,37.50183947
643,강남구,역삼1동,127.038145,37.49605806
644,강남구,역삼1동,127.031894,37.50115853
645,강남구,역삼1동,127.0406276,37.50503371
646,강남구,역삼1동,127.0424584,37.5072255
647,강남구,역삼1동,127.0385952,37.50441801
648,강남구,역삼1동,127.0378749,37.49219738
649,강남구,역삼1동,127.0348342,37.50212506
650,강남구,역삼1동,127.0367673,37.50638707
651,강남구,역삼1동,127.0438616,37.50637124
652,강남구,역삼1동,127.0308737,37.50213167
653,강남구,역삼1동,127.0398993,37.50450343
654,강남구,역삼1동,127.0441005,37.50665141
655,강남구,역삼1동,127.0388056,37.50432207
656,강남구,역삼1동,127.0288865,37.5022112
657,강남구,역삼1동,127.0354673,37.49811939
658,강남구,역삼1동,127.0375268,37.49431994
659,강남구,역삼1동,127.0454336,37.50558943
660,강남구,역삼1동,127.0276936,37.50241788
661,강남구,역삼1동,127.0346247,37.49784503
662,강남구,역삼1동,127.0352907,37.49722937
663,강남구,역삼1동,127.0288322,37.50232479
664,강남구,역삼1동,127.043824,37.50622724
665,강남구,역삼1동,127.0428408,37.50757846
666,강남구,역삼1동,127.0413707,37.50854993
667,강남구,역삼1동,127.0340425,37.50525897
668,강남구,역삼1동,127.0416695,37.50911928
669,강남구,역삼1동,127.0432131,37.50532878
670,강남구,역삼1동,127.0375335,37.49736382
671,강남구,역삼1동,127.0400688,37.50493094
672,강남구,역삼1동,127.0394172,37.50470594
673,강남구,역삼1동,127.0268114,37.50345642
674,강남구,역삼1동,127.0391573,37.49383357
675,강남구,역삼1동,127.0425906,37.5084988
676,강남구,역삼1동,127.0376523,37.49309198
677,강남구,역삼1동,127.0396141,37.5047622
678,강남구,역삼1동,127.0357851,37.49836746
679,강남구,역삼1동,127.0429953,37.50767123
680,강남구,역삼1동,127.0433054,37.507479
681,강남구,역삼1동,127.0407549,37.50750673
682,강남구,역삼1동,127.0345141,37.50203869
683,강남구,역삼1동,127.0463901,37.50675174
684,강남구,역삼1동,127.0446369,37.50525317
685,강남구,역삼1동,127.0451132,37.50664644
686,강남구,역삼1동,127.0358807,37.50625429
687,강남구,역삼1동,127.042628,37.50824902
688,강남구,역삼1동,127.037153,37.49199082
689,강남구,역삼1동,127.0373305,37.49285637
690,강남구,역삼1동,127.0417963,37.50671589
691,강남구,역삼1동,127.0388727,37.50417508
692,강남구,역삼1동,127.0453395,37.50526718
693,강남구,역삼1동,127.0352048,37.49326051
694,강남구,역삼1동,127.0386671,37.50556156
695,강남구,역삼1동,127.0363581,37.49597476
696,강남구,역삼1동,127.0433851,37.50771469
697,강남구,역삼1동,127.0429082,37.50814913
698,강남구,역삼1동,127.044022,37.50825473
699,강남구,역삼1동,127.0406639,37.50469739
700,강남구,역삼1동,127.0373738,37.49426364
701,강남구,역삼1동,127.0447332,37.50507496
702,강남구,역삼1동,127.0439055,37.5065221
703,강남구,역삼1동,127.0454437,37.50512313
704,강남구,역삼1동,127.0355391,37.49777025
705,강남구,역삼1동,127.0330704,37.49658606
706,강남구,역삼1동,127.0444715,37.50667624
707,강남구,역삼1동,127.0316174,37.49514091
708,강남구,역삼1동,127.0458753,37.50539079
709,강남구,역삼1동,127.0407353,37.50454246
710,강남구,역삼1동,127.04575,37.50643841
711,강남구,역삼1동,127.041902,37.50829478
712,강남구,역삼1동,127.0431514,37.50757593
713,강남구,역삼1동,127.0359249,37.50533333
714,강남구,역삼1동,127.0408003,37.50818799
715,강남구,역삼1동,127.0299697,37.50361723
716,강남구,역삼1동,127.0333178,37.49693677
717,강남구,역삼1동,127.0460541,37.50651479
718,강남구,역삼1동,127.0423385,37.50850576
719,강남구,역삼1동,127.0345819,37.49355271
720,강남구,역삼1동,127.0378168,37.50654899
721,강남구,역삼1동,127.0380502,37.50688743
722,강남구,역삼1동,127.0456296,37.50633078
723,강남구,역삼1동,127.0383802,37.49342495
724,강남구,역삼1동,127.0424672,37.50604003
725,강남구,역삼1동,127.0423876,37.50839658
726,강남구,역삼1동,127.0267613,37.50358694
727,강남구,역삼1동,127.0357472,37.50571683
728,강남구,역삼1동,127.0374074,37.50670895
729,강남구,역삼1동,127.0351552,37.49336289
730,강남구,역삼1동,127.0332539,37.50318082
731,강남구,역삼1동,127.0462043,37.50616763
732,강남구,역삼1동,127.0402177,37.50461228
733,강남구,역삼1동,127.0398302,37.50431903
734,강남구,역삼1동,127.0423781,37.50824511
735,강남구,역삼1동,127.0400534,37.49262738
736,강남구,역삼1동,127.037387,37.502991
737,강남구,역삼1동,127.0389472,37.50366631
738,강남구,역삼1동,127.0268774,37.50331977
739,강남구,역삼1동,127.0351394,37.49687966
740,강남구,역삼1동,127.0452948,37.50695551
741,강남구,역삼1동,127.0394889,37.50455337
742,강남구,역삼1동,127.036245,37.49569322
743,강남구,역삼1동,127.0427417,37.50810496
744,강남구,역삼1동,127.0390105,37.50498752
745,강남구,역삼1동,127.0389434,37.50403111
746,강남구,역삼1동,127.0433167,37.5082911
747,강남구,역삼1동,127.0349031,37.49691207
748,강남구,역삼1동,127.03568,37.50585638
749,강남구,역삼1동,127.0326195,37.501377
750,강남구,역삼1동,127.0359033,37.50451768
751,강남구,역삼1동,127.0444848,37.50581822
752,강남구,역삼1동,127.0310683,37.50221091
753,강남구,역삼1동,127.0339872,37.50537899
754,강남구,역삼1동,127.0295004,37.50376939
755,강남구,역삼1동,127.0437534,37.50877924
756,강남구,역삼1동,127.0396958,37.50578906
757,강남구,역삼1동,127.0376829,37.49709584
758,강남구,역삼1동,127.0443589,37.50497818
759,강남구,역삼1동,127.0422007,37.50765319
760,강남구,역삼1동,127.0386345,37.50689079
761,강남구,역삼1동,127.0361177,37.49735979
762,강남구,역삼1동,127.0433758,37.5052975
763,강남구,역삼1동,127.0356054,37.49629943
764,강남구,역삼1동,127.0421055,37.5074134
765,강남구,역삼1동,127.0306569,37.50489982
766,강남구,역삼1동,127.0361964,37.50562908
767,강남구,역삼1동,127.045545,37.50681295
768,강남구,역삼1동,127.0266367,37.5037022
769,강남구,역삼1동,127.0352696,37.49702995
770,강남구,역삼1동,127.0314852,37.49474654
771,강남구,역삼1동,127.0442782,37.50629083
772,강남구,역삼1동,127.0381772,37.49357161
773,강남구,역삼1동,127.0378594,37.49194808
774,강남구,역삼1동,127.0437197,37.50841796
775,강남구,역삼1동,127.0307932,37.50263002
776,강남구,역삼1동,127.0341949,37.5015694
777,강남구,역삼1동,127.0327504,37.50141329
778,강남구,역삼1동,127.0351708,37.49569693
779,강남구,역삼1동,127.0424202,37.50812692
780,강남구,역삼1동,127.0319468,37.49492521
781,강남구,역삼1동,127.0375737,37.49745237
782,강남구,역삼1동,127.0313154,37.50229069
783,강남구,역삼1동,127.0334082,37.50221235
784,강남구,역삼1동,127.0368356,37.49355934
785,강남구,역삼1동,127.0418069,37.5084951
786,강남구,역삼1동,127.0441411,37.5074346
787,강남구,역삼1동,127.0414873,37.5075958
788,강남구,역삼1동,127.0370149,37.49362392
789,강남구,역삼1동,127.0314313,37.50168121
790,강남구,역삼1동,127.0403836,37.50785782
791,강남구,역삼1동,127.0388181,37.50644355
792,강남구,역삼1동,127.0458272,37.50482532
793,강남구,역삼1동,127.032968,37.50499565
794,강남구,역삼1동,127.0330356,37.50507928
795,강남구,역삼1동,127.0387202,37.49349294
796,강남구,역삼1동,127.0329948,37.49672738
797,강남구,역삼1동,127.034201,37.50531395
798,강남구,역삼1동,127.0363447,37.50568939
799,강남구,역삼1동,127.0299029,37.50313925
800,강남구,역삼1동,127.0318116,37.49474795
801,강남구,역삼1동,127.0421935,37.50812724
802,강남구,역삼1동,127.0298142,37.50302977
803,강남구,역삼1동,127.0434607,37.50683411
804,강남구,역삼1동,127.034294,37.49756309
805,강남구,역삼1동,127.0381033,37.50374701
806,강남구,역삼1동,127.0371234,37.49593066
807,강남구,역삼1동,127.0335397,37.50218391
808,강남구,역삼1동,127.0406647,37.50897159
809,강남구,역삼1동,127.0416208,37.50785751
810,강남구,역삼1동,127.0410408,37.50779995
811,강남구,역삼1동,127.0454942,37.50725173
812,강남구,역삼1동,127.0418673,37.50593884
813,강남구,역삼1동,127.0401483,37.50476259
814,강남구,역삼1동,127.0387765,37.50616201
815,강남구,역삼1동,127.0270693,37.50345292
816,강남구,역삼1동,127.0375845,37.49324204
817,강남구,역삼1동,127.026588,37.50414562
818,강남구,역삼1동,127.0392107,37.5065131
819,강남구,역삼1동,127.0335486,37.49515165
820,강남구,역삼1동,127.0296748,37.5032118
821,강남구,역삼1동,127.0393438,37.50485754
822,강남구,역삼1동,127.0340848,37.49167691
823,강남구,역삼1동,127.0444528,37.50529694
824,강남구,역삼1동,127.0376278,37.49269752
825,강남구,역삼1동,127.0381712,37.49204438
826,강남구,역삼1동,127.0370196,37.507091
827,강남구,역삼1동,127.0369433,37.49732206
828,강남구,역삼1동,127.0366954,37.50650396
829,강남구,역삼1동,127.0307323,37.50275462
830,강남구,역삼1동,127.038085,37.49619571
831,강남구,역삼1동,127.0420521,37.50711203
832,강남구,역삼1동,127.0363302,37.50666081
833,강남구,역삼1동,127.035665,37.50647252
834,강남구,역삼1동,127.0370967,37.49283932
835,강남구,역삼1동,127.0356602,37.49236984
836,강남구,역삼1동,127.0320061,37.49480193
837,강남구,역삼1동,127.0441362,37.50836283
838,강남구,역삼1동,127.0358088,37.49733662
839,강남구,역삼1동,127.0380025,37.49709441
840,강남구,역삼1동,127.0426461,37.50884844
841,강남구,역삼1동,127.0361123,37.50533079
842,강남구,역삼1동,127.0436433,37.50550807
843,강남구,역삼1동,127.0330377,37.50201094
844,강남구,역삼1동,127.0377957,37.4959278
845,강남구,역삼1동,127.0321852,37.5024037
846,강남구,역삼1동,127.0368287,37.49392441
847,강남구,역삼1동,127.0358634,37.49819516
848,강남구,역삼1동,127.0358277,37.50555512
849,강남구,역삼1동,127.0317482,37.50111436
850,강남구,역삼1동,127.0443592,37.50547134
851,강남구,역삼1동,127.0330317,37.50311151
852,강남구,역삼1동,127.0447484,37.50612937
853,강남구,역삼1동,127.0296324,37.50392337
854,강남구,역삼1동,127.0438432,37.50787721
855,강남구,역삼1동,127.0410864,37.5080603
856,강남구,역삼1동,127.042205,37.50678633
857,강남구,역삼1동,127.0357113,37.49230562
858,강남구,역삼1동,127.0330746,37.50064101
859,강남구,역삼1동,127.0334068,37.49675548
860,강남구,역삼1동,127.0428048,37.5079778
861,강남구,역삼1동,127.0405379,37.50410051
862,강남구,역삼1동,127.0343577,37.4960092
863,강남구,역삼1동,127.0399783,37.50399582
864,강남구,역삼1동,127.0395555,37.50405315
865,강남구,역삼1동,127.0414502,37.50816504
866,강남구,역삼1동,127.0411734,37.5073587
867,강남구,역삼1동,127.0320877,37.50267246
868,강남구,역삼1동,127.0459746,37.50694362
869,강남구,역삼1동,127.038127,37.50673714
870,강남구,역삼1동,127.0362325,37.50726088
871,강남구,역삼1동,127.0418988,37.50579759
872,강남구,역삼1동,127.0350016,37.4931901
873,강남구,역삼1동,127.0309218,37.50250937
874,강남구,역삼1동,127.0448517,37.50579148
875,강남구,역삼1동,127.0450241,37.5057579
876,강남구,역삼1동,127.0454493,37.50644797
877,강남구,역삼1동,127.0429928,37.5068462
878,강남구,역삼1동,127.0356414,37.49544075
879,강남구,역삼1동,127.0418973,37.50659297
880,강남구,역삼1동,127.0366745,37.49296209
881,강남구,역삼1동,127.035028,37.49261399
882,강남구,역삼1동,127.0418365,37.50792355
883,강남구,역삼1동,127.0399359,37.49275758
884,강남구,역삼1동,127.0367285,37.49352682
885,강남구,역삼1동,127.031001,37.50237435
886,강남구,역삼1동,127.0446471,37.50782798
887,강남구,역삼1동,127.0431812,37.50923437
888,강남구,역삼1동,127.0341523,37.5054193
889,강남구,역삼1동,127.0367634,37.49405396
890,강남구,역삼1동,127.0368914,37.49249296
891,강남구,역삼1동,127.0335696,37.50168538
892,강남구,역삼1동,127.0370121,37.49228842
893,강남구,역삼1동,127.0354323,37.49795779
894,강남구,역삼1동,127.0340468,37.49587809
895,강남구,역삼1동,127.041954,37.50851309
896,강남구,역삼1동,127.0363756,37.50640447
897,강남구,역삼1동,127.0344739,37.49588431
898,강남구,역삼1동,127.0412578,37.50832061
899,강남구,역삼1동,127.0412823,37.50786514
900,강남구,역삼1동,127.0415183,37.50859932
901,강남구,역삼1동,127.0374501,37.50352841
902,강남구,역삼1동,127.0452303,37.50594163
903,강남구,역삼1동,127.0414567,37.50839238
904,강남구,역삼1동,127.0409319,37.50756316
905,강남구,역삼1동,127.0383407,37.50720706
906,강남구,역삼1동,127.0317718,37.49486585
907,강남구,역삼1동,127.0413145,37.50738772
908,강남구,역삼1동,127.0356122,37.50600895
909,강남구,역삼1동,127.0457956,37.50623178
910,강남구,역삼1동,127.040805,37.5043902
911,강남구,역삼1동,127.0347268,37.49763869
912,강남구,역삼1동,127.0356107,37.49798429
913,강남구,역삼1동,127.0345453,37.50124155
914,강남구,역삼1동,127.0425343,37.50775741
915,강남구,역삼1동,127.0387414,37.50571868
916,강남구,역삼1동,127.0342034,37.50142665
917,강남구,역삼1동,127.0405565,37.50485446
918,강남구,역삼1동,127.0372616,37.49379406
919,강남구,역삼1동,127.045078,37.50710764
920,강남구,역삼1동,127.0375555,37.5067471
921,강남구,역삼1동,127.0361459,37.49164807
922,강남구,역삼1동,127.0439493,37.50667197
923,강남구,역삼1동,127.0458312,37.50738856
924,강남구,역삼1동,127.0333912,37.50154563
925,강남구,역삼1동,127.0321774,37.49494904
926,강남구,역삼1동,127.0452961,37.50566195
927,강남구,역삼1동,127.0355001,37.50682216
928,강남구,역삼1동,127.0375236,37.49288804
