"","자치구","행정동","전체점포수","프랜차이즈","일반","X1인세대","고령자수","주거건물대지면적","총인구","외국인","X1인가구","노인인구","일반가구","인구지수","H_cluster","Km_cluster","Kmed_cluster"
"1","강남구","개포1동","4","0","4","841","1506","264667.25","-1.92152888851807","-1.3407935856166","-1.57277607475291","-1.47315429314594","-2.00514948565992","-3.74397975555148","1","4","1"
"2","강남구","개포2동","19","4","15","1677","2795","433676.94","-0.140685713041919","-1.25772758569961","-1.25353883615836","-0.49163928359595","-0.514277564724072","-1.55386511230752","1","4","1"
"3","강남구","개포4동","35","5","30","2923","2254","378362.613","-0.569623020956195","-0.82072819483198","-0.485609888200625","-0.903586234850059","-0.405802671084692","-1.38296615328824","1","4","1"
"4","강남구","논현1동","143","30","113","9446","2864","730041.678","0.0644838060839267","0.891153716500731","2.55657017486273","-0.439098914582025","0.903790451855424","1.77059384247193","2","5","2"
"5","강남구","논현2동","194","50","144","6249","2964","935957.9925","-0.157753745327202","-0.322332195330052","0.983635513047488","-0.362953452243003","0.261127874444758","0.237093645790154","3","3","2"
"6","강남구","대치1동","26","13","13","578","2192","1082405.143","0.242226762985836","-1.26495071612718","-1.69846002695548","-0.950796421500252","-0.643219419427486","-1.85046201828365","1","4","1"
"7","강남구","대치2동","107","23","84","2425","4329","1665913.33","1.81307428606926","-0.878513238252494","-0.782852435159717","0.676432108684646","0.814612978647847","0.896884694405763","2","5","2"
"9","강남구","도곡1동","68","11","57","2506","2771","971536.15","-0.0727667156032428","-0.856843846969801","-0.74200515069388","-0.509914194557316","-0.410480833613614","-1.10296717935446","1","4","3"
"10","강남구","도곡2동","59","18","41","2164","4407","2359077.06","1.31751279695864","-1.02297584680378","-1.03359191980386","0.735825569309083","0.464043174136751","0.350860112821064","4","5","4"
"11","강남구","삼성1동","124","50","74","2038","2098","865084.526","-0.979844348640402","-0.488464195164028","-1.01788142577853","-1.02237315609893","-1.23120597228138","-2.16611700313237","5","5","2"
"12","강남구","삼성2동","102","29","73","5891","3247","1394378.675","0.874567931513687","-0.585976455936144","0.743579164340568","-0.147461793823571","0.784497307367912","0.877365015717074","2","5","2"
"13","강남구","세곡동","44","10","34","5865","6048","46191.53","2.56842299761863","-0.723215934059864","1.155194107804","1.98537260629243","2.20841302710856","3.47959799423923","4","1","5"
"14","강남구","수서동","32","12","20","3367","4096","686561.75","-0.860485833210908","-1.15299219449993","0.0190111798927176","0.499013181434725","-0.528896822626953","-0.82773716689698","1","6","3"
"15","강남구","신사동","25","7","18","8151","3293","780505.299","-0.670736398425559","-0.376505673536783","-0.632031692516626","-0.418539639750489","-0.812510425942852","-1.32567669834435","1","4","3"
"16","강남구","압구정동","137","36","101","2993","4887","1369643.418","0.525909230623982","-0.817116629618198","-0.773426138744524","1.10132378853639","0.00470609082821791","0.107634331222588","2","5","2"
"17","강남구","역삼1동","603","164","439","16828","3500","1896788.955","1.61944040255692","2.17687093260716","0.725983411032208","0.045186225894154","0.678726976440565","2.20671241554913","6","2","6"
"18","강남구","역삼2동","155","40","115","6422","3473","1396079.939","1.65875573209681","-0.235654630199281","1.057160625086","0.0246269510626181","1.36254276484784","1.87518048531775","2","5","2"
"19","강남구","일원1동","26","2","24","3148","3007","226669.02","-0.801159707198616","-0.864066977397365","-0.265034552085104","-0.330210903437224","-0.700819295564838","-1.28958037076343","1","4","1"
"20","강남구","일원2동","11","2","9","2207","3001","512619.105","-0.598462109989948","-1.17105002056884","-0.707442063838172","-0.334779631177565","-0.67596655712994","-1.4948766206934","1","4","1"
"21","강남구","일원본동","16","2","14","1461","2618","692859.748","0.135934120547144","-1.30828949869256","-1.3383755038951","-0.626416751936019","-0.497026840398672","-1.53105040732714","1","4","1"
"22","강남구","청담동","119","27","92","4727","3994","1269366.925","0.809356277127159","-0.499298890805374","0.0944215512142632","0.421344809848922","0.312295277104842","0.600279026806448","2","5","2"
"23","강동구","강일동","15","8","7","2271","4522","992115.54","1.04560138606897","-0.874901673038712","-0.610665420642188","0.823392850998958","0.611405293797796","0.580063478629662","4","6","4"
"24","강동구","고덕1동","14","5","9","1626","2647","451210.185","0.451398441406162","-1.01936428159","-1.20012315647227","-0.604334567857703","-0.243821293520766","-1.08454969559605","1","4","3"
"25","강동구","고덕2동","7","3","4","2049","2371","131229.265","-0.45897508752057","-1.06992619458294","-0.831240756757709","-0.814496043913403","-0.315163272086827","-1.4932615042738","1","4","1"
"26","강동구","길동","78","20","58","8396","7120","1266788.196","0.655685131275872","-0.286216543192231","2.423345185528","0.632267740528013","0.678726976440565","1.96112832458794","4","1","5"
"27","강동구","둔촌1동","1","0","1","114","93","0","-0.677710749549028","-1.37690923775442","-1.91463642474391","-2.54908967599632","-2.68202112656332","-4.13312417960172","1","4","1"
"28","강동구","둔촌2동","44","8","36","3575","4009","733267.451","0.53061765332337","-0.968802368597046","-0.417112134250221","0.432766629199775","0.220486337474747","0.0278702933429378","4","6","3"
"29","강동구","명일1동","57","12","45","2276","3512","585488.458","0.41361334924357","-1.0988187162932","-0.851350189110121","0.0543236813748366","0.0377456136887299","-0.534247997853793","1","6","3"
"30","강동구","명일2동","32","10","22","1142","2251","695225.636","-0.643427546769107","-1.27578541176852","-1.43892266565716","-0.905870598720229","-1.06717789861105","-2.34032960031514","1","4","1"
"31","강동구","상일동","21","3","18","1140","1575","246996.869","-1.46799007199949","-1.13132280321724","-1.01285406769043","-1.42061392413202","0.525736442486911","-1.94813849379289","1","4","1"
"32","강동구","성내1동","63","15","48","2408","2818","522557.25","-0.315839037459165","-0.972413933810828","-0.782224015398704","-0.474125827257975","-0.489132441131116","-1.29934289326558","1","4","3"
"33","강동구","성내2동","57","9","48","6275","3978","420407.469","0.22857233715761","1.38593815078888","1.31355588757925","0.409161535874679","0.652631601083921","1.6975004149419","4","1","4"
"34","강동구","성내3동","68","13","55","3922","3431","552157.217","0.079668469289454","-0.419844456102168","0.0510605877043744","-0.00735414311977109","0.107625666464503","-0.0331706658837022","4","6","3"
"35","강동구","암사1동","34","3","31","6182","5609","649557.216","1.58306783720414","-0.257324021481974","0.941531389059625","1.65109402662413","1.53358808231155","2.59218556585619","4","1","5"
"36","강동구","암사2동","18","3","15","1893","2120","418730.82","-0.997030091493169","-1.2613391509134","-0.987717277249916","-1.00562115438435","-0.959872545603897","-2.28633557699209","1","4","1"
"37","강동구","암사3동","9","2","7","1098","2364","653923.86","-0.535722377520599","-1.22522349877557","-1.47411417227389","-0.819826226277135","-0.966305019081164","-2.20059399970495","1","4","1"
"38","강동구","천호1동","28","7","21","5201","4781","546795.3","0.606894101053461","-0.297051238833577","0.437538740727296","1.02060959845702","0.647661053396942","1.16496450889053","4","6","4"
"39","강동구","천호2동","74","27","47","8529","5672","681364.353","1.49019419945871","1.46900415070587","2.08965429243016","1.69906566789771","1.90491723304474","3.87690563468786","4","1","5"
"40","강동구","천호3동","37","9","28","6642","4468","659272.341","0.559339031789639","0.533608760336304","1.35251791276205","0.782274301335886","0.914023932387441","1.8760236415473","4","1","4"
"41","강북구","미아동","35","4","31","5705","4228","317310.6966","-0.0506371289161177","0.464989021274444","1.10240684787892","0.599525191722233","0.390654499464287","1.10918723330551","4","6","4"
"42","강북구","번1동","47","8","39","5440","3416","285996.1509","-0.427310944867183","0.0496590216895038","0.834071609926423","-0.0187759624706244","0.0181558080988688","0.203348645273166","4","6","3"
"43","강북구","번2동","10","1","9","2791","3808","414664.6285","-0.722999890388769","-0.943521412100571","-0.504462481031012","0.279714249898341","-0.643219419427486","-1.08910590999102","1","4","3"
"44","강북구","번3동","16","4","12","2284","4444","568382.4225","-0.58775044834884","-1.12048810757589","-0.660310581762206","0.763999390374521","-0.597607334770496","-0.917990475615833","1","4","3"
"45","강북구","삼각산동","18","5","13","2546","4148","948287.81","1.13659165473465","-0.950744542528136","-0.648370606302961","0.538608821851016","0.54064808554785","0.417578176601305","4","6","4"
"46","강북구","삼양동","16","4","12","4612","4712","490456.983","0.269888746344742","-0.737662194914992","-0.0186940057680552","0.968069229443099","0.18686204429812","0.393550770899197","4","6","4"
"47","강북구","송중동","47","13","34","5793","5705","412777.514","0.930951293338862","0.75030267316323","0.939646129776587","1.72419367046959","1.01197296033675","2.40588024605325","4","1","5"
"48","강북구","송천동","35","10","25","6264","5801","315552.824","0.633732110439974","0.327749543150725","0.914509339336072","1.79729331431505","0.803502342641657","2.0396925265423","4","1","4"
"49","강북구","수유1동","24","3","21","4700","4196","344707.975","-0.165169511078739","-0.445125412598643","0.260324368121663","0.575158643773746","-0.0058197748618567","0.146524695826214","4","6","3"
"50","강북구","수유2동","20","4","16","3502","4467","471024.116","-0.153633875465237","-0.921852020817879","-0.23801250236155","0.781512846712496","-0.136223555355559","-0.214400250039872","4","6","3"
"51","강북구","수유3동","52","10","42","6847","4340","284425.994","0.0965010804397672","-0.058687934723959","1.62085315071455","0.684808109541938","0.676607184044647","1.41912388667024","4","1","4"
"52","강북구","우이동","50","9","41","3563","4550","396337.948","-0.218139266446857","-0.911017325176533","-0.387576405482616","0.844713580453884","-0.263118713952569","-0.344286581889686","1","6","3"
"53","강북구","인수동","45","7","38","5668","6659","528294.625","1.08491671560886","-0.596811151577491","0.555681655797717","2.45062138118386","1.05495357857122","2.186256597186","4","1","5"
"54","강서구","가양1동","186","67","119","12077","2737","726093.874","1.28420070636047","-0.174258021564986","0.725983411032208","-0.535803651752583","0.678726976440565","0.979951939373427","3","3","2"
"55","강서구","가양2동","4","2","2","4036","3639","562101.89","-0.953948023793766","-1.11326497714833","0.358357850839673","0.151028418545394","-0.484454278602194","-0.835217174021673","1","4","3"
"56","강서구","가양3동","8","4","4","3232","3362","790077.29","-0.829292532827461","-1.02297584680378","-0.0802791423473175","-0.0598945121336962","-0.505506009982343","-1.05504108853725","1","4","3"
"57","강서구","공항동","39","11","28","5577","3640","197753.372","0.590532332173086","1.77959875909113","0.802022202114766","0.151789873168785","0.657602148770901","1.65248371021979","4","1","4"
"58","강서구","등촌1동","47","9","38","6460","2659","1004807.113","0.0556555135225736","-0.632926803715312","1.86530843774856","-0.59519711237702","0.81051958643504","0.805830274418012","4","6","4"
"59","강서구","등촌2동","27","8","19","2653","2943","550934.0825","-0.161991325756651","-0.954356107741918","-0.569189716415338","-0.378943999334198","-0.313993731454597","-0.992608443808719","1","4","3"
"60","강서구","등촌3동","47","14","33","5671","6039","1217426.146","1.09021369114567","-0.723215934059864","1.43421248169372","1.97851951468192","1.4566907857424","2.53792360902947","4","1","5"
"61","강서구","발산1동","61","17","44","2772","4378","875793.273","1.7965948066214","-0.856843846969801","-0.566047617610274","0.713743385230766","1.0371180839297","1.12206729699397","4","1","4"
"62","강서구","방화1동","43","9","34","4931","6030","763512.175","2.6395201803794","-0.304274369261141","0.463932370689837","1.97166642307141","2.04672403470269","3.24942432026918","4","1","5"
"63","강서구","방화2동","31","10","21","5471","4491","782859.793","0.094970843062466","-0.221208369344153","0.724726571510182","0.799787757673861","0.300015100466422","0.813482739105035","4","6","4"
"64","강서구","방화3동","17","8","9","4571","4697","872925.751","0.143938439136105","-0.867678542611147","0.479014444954146","0.956647410092246","0.344457644491182","0.592625679667397","4","6","4"
"65","강서구","염창동","50","15","35","3881","3956","1454953.037","2.27591223741913","-0.983248629452174","-0.0375465985984416","0.392409534160094","1.60785391245819","1.68590238746889","4","1","5"
"66","강서구","우장산동","35","9","26","3784","5331","1048475.954","2.53828909234255","-0.600422716791273","-0.142492698687593","1.43940964132164","1.68328928323706","2.40093592543518","4","1","5"
"67","강서구","화곡1동","58","14","44","12339","7786","1049810.456","0.655685131275872","2.69332475817799","0.725983411032208","0.632267740528013","0.678726976440565","2.18739336710088","4","1","5"
"68","강서구","화곡2동","10","2","8","2830","2712","284119.766","-0.442260186937741","-0.260935586695756","-0.459216258238084","-0.554840017337338","-0.477729419966868","-0.99583394452578","1","4","3"
"69","강서구","화곡3동","31","8","23","3278","3749","895051.023","-0.0628790279345273","-0.80267036876307","-0.484353048678599","0.234788427118319","-0.236219279411267","-0.539833308236637","1","6","3"
"70","강서구","화곡4동","17","4","13","3574","3520","327828.9745","-0.141274265879343","-0.0948035868617799","-0.0526286728627508","0.0604153183619584","-0.0803779901665518","-0.136185726591531","4","6","3"
"71","강서구","화곡6동","35","5","30","5263","3591","704654.207","0.220568018568649","-0.643761499356658","0.709644497245873","0.114478596622664","0.469890877297904","0.495280834829092","4","6","4"
"72","강서구","화곡8동","21","8","13","4342","4040","496458.604","0.384303417939878","0.421650238709059","0.184285577039105","0.456371722524872","0.424863562957029","0.824723887129231","4","6","4"
"73","강서구","화곡본동","26","7","19","7054","4539","630884.198","1.4918421474035","0.132725021606492","1.63027944712974","0.836337579596591","1.72042219831038","2.72782425769913","4","1","5"
"74","관악구","낙성대동","71","12","59","7576","1921","275984.34","-0.661672684729237","1.26675649873407","2.06640276127268","-1.157150624439","0.188616355246466","0.654524054491133","4","6","4"
"75","관악구","난곡동","12","4","8","5177","5021","367950.635","0.667161911605631","0.61306319503951","0.692677163698525","1.20335870807068","0.742101459449556","1.75260907390285","4","1","4"
"76","관악구","난향동","4","2","2","1925","2664","460723.046","-0.806338972167943","-1.00130645552108","-1.06752658689855","-0.591389839260069","-1.00840848184146","-1.98050768617257","1","4","1"
"77","관악구","남현동","32","9","23","4727","2599","435571.686","-0.501939444652488","-0.708769673204735","0.504151235394661","-0.640884389780433","-0.177449862641684","-0.62080044631089","1","6","3"
"78","관악구","대학동","88","23","65","11696","2684","340978.05","0.142761333461257","1.84821849815299","0.725983411032208","-0.576160746792265","1.439440061417","1.47628912010623","4","5","2"
"79","관악구","미성동","27","5","22","5485","5334","635358.825","1.11905278017942","1.0392278902658","0.712158176289924","1.44169400519182","1.04588963867143","2.37747917530354","4","1","5"
"80","관악구","보라매동","25","7","18","5881","4196","432215.485","0.382773180562577","3.44091875743089","1.33806425825875","0.575158643773746","0.681577731731627","2.57500755776701","4","1","5"
"81","관악구","삼성동","7","2","5","4700","5527","513237.342","0.233280759856998","-0.762943151411467","0.0498037481823487","1.58865474750613","0.181306726295025","0.676100434197346","4","6","4"
"82","관악구","서림동","25","0","25","9096","3338","304712.393","0.128871486498062","0.779195194873486","2.94241990812464","-0.0781694230950614","1.10553621091519","2.20337283796095","4","1","4"
"83","관악구","서원동","48","19","29","8769","3144","422952.281","0.096971922709706","1.72542528088439","2.86198217871499","-0.225891620032764","1.09208649364454","2.40153532958769","4","1","5"
"84","관악구","성현동","11","0","11","3790","5153","916018.272","0.933540925823525","-0.683488716708261","0.0183827601317047","1.30387071835819","0.694442678686162","1.14269622425379","4","6","4"
"85","관악구","신림동","52","16","36","13623","1854","274728.655","-0.0846554829191983","1.74709467216709","0.725983411032208","-1.20816808420615","1.85462698585883","1.24898459289048","4","1","4"
"86","관악구","신사동","197","41","156","2919","2891","173101.235","0.319680316390773","0.916434672997206","2.6577457563858","-0.112434881147621","0.968992342102275","2.12701128169771","3","3","2"
"87","관악구","신원동","13","3","10","6191","3059","161354.7","-0.41224399222914","3.01836562741838","1.54104384106591","-0.290615263020933","0.213469093681364","1.52976510100105","4","1","4"
"88","관악구","은천동","23","11","12","6735","5515","802326.5318","1.42345230769488","0.974219716417719","1.67803934896672","1.57951729202545","1.65229645648295","3.30727128351692","4","1","5"
"89","관악구","인헌동","31","6","25","7706","3738","441227.71","0.452457836513524","-0.0406301086550485","2.33976535731328","0.226412426261026","1.16956856052981","1.96332431003046","4","1","4"
"90","관악구","조원동","36","6","30","6481","2610","283788.751","-0.431430814729148","0.916434672997206","1.58880374290289","-0.632508388923141","0.102655118777523","0.615790876023418","4","6","4"
"91","관악구","중앙동","23","7","16","6168","2306","286911.435","-0.865076545342812","0.14717128246162","1.57874902672669","-0.863990594433767","-0.088857159750223","-0.056150461028747","4","6","3"
"92","관악구","청룡동","59","17","42","14777","4082","548800.1423","1.3178659286611","3.4987038008514","0.725983411032208","0.488352816707261","0.678726976440565","2.71474741296379","4","1","5"
"93","관악구","청림동","10","3","7","1980","2624","488976.21","-0.819051713456291","-0.918240455604097","-1.03673401860892","-0.621848024195678","-0.952562916652456","-1.93048089645218","1","4","1"
"94","관악구","행운동","40","8","32","10541","4125","534480.48","0.802411353645561","0.501104673412265","0.725983411032208","0.521095365513041","2.10637060694645","2.14601191773317","4","1","5"
"95","광진구","광장동","44","9","35","2183","3494","1236692.832","1.51126439103847","-0.744885325342556","-0.975148882029659","0.0406174981538127","0.574272378724477","0.306280528981967","4","6","4"
"96","광진구","구의1동","42","10","32","6365","2955","315341.569","-0.0213271976124254","1.25592180309272","1.59508794051302","-0.369806543853515","0.530999375331948","1.25594457098319","4","6","4"
"97","광진구","구의2동","32","4","28","4190","4025","412421.586","0.548274238446076","0.223014151951044","-0.00235509198172036","0.444949903174019","0.371064693874426","0.716616994444155","4","6","4"
"98","광진구","구의3동","60","17","43","4046","3728","3889904.348","0.806295802372556","-0.344001586612744","0.0359785134400653","0.218797880027124","0.56286935756023","0.654458879799677","7","5","2"
"99","광진구","군자동","52","13","39","5985","2833","243388.06","-0.133623078992837","0.916434672997206","1.56680905126744","-0.462704007907122","0.306739959101748","0.922735459037142","4","6","4"
"100","광진구","능동","19","6","13","3563","1525","100203.118","-1.32614883818041","-0.0478532390826127","0.124585699742881","-1.45868665530153","-0.918646238317771","-1.69173797423611","1","4","1"
"101","광진구","자양1동","37","5","32","5648","3202","287954.805","0.10733045264836","2.58136623655075","0.982378673525463","-0.181727251876131","0.382760100196731","1.49774759596694","4","1","4"
"102","광진구","자양2동","29","7","22","4008","3692","564173.525","0.429504275854006","0.132725021606492","0.0284374763079108","0.191385513585076","0.285688227721598","0.488011951305481","4","6","4"
"103","광진구","자양3동","42","12","30","2894","3772","1176313.452","0.733432961099522","-0.401786630033258","-0.579244432591544","0.252301883456294","0.250894393912741","0.176530896938794","4","6","4"
"104","광진구","자양4동","56","9","47","5007","3458","240212.66","-0.028742963363962","0.916434672997206","0.438795580249321","0.0132051317117648","-0.251715692788322","0.389766535081782","4","6","4"
"105","광진구","중곡1동","25","1","24","3932","2356","154758.253","-0.818934002888806","0.212179456309698","0.144066712334281","-0.825917863264256","-0.538253147684797","-0.882801961520579","1","4","3"
"106","광진구","중곡2동","30","6","24","4577","3048","215496.215","-0.0800647707872947","-0.206762108489025","0.457019753318695","-0.298991263878225","0.125461161106018","0.0307291655921672","4","6","3"
"107","광진구","중곡3동","29","8","21","4011","2638","158205.0924","-0.697927539514527","-0.517356716874285","0.0573447853145032","-0.611187659468215","-0.476852264492695","-0.989077555993088","1","4","3"
"108","광진구","중곡4동","28","4","24","4966","4725","392803.475","0.855969661851103","0.0171549347654649","0.43628190120527","0.977968139547172","0.802332802009427","1.44644110734749","4","1","4"
"109","광진구","화양동","135","32","103","12689","2230","299079.359","0.269888746344742","0.916434672997206","0.725983411032208","-0.921861145811424","2.17391157845776","1.41693798239002","2","5","2"
"110","구로구","가리봉동","8","2","6","3936","1903","135372.297","-0.940999861370449","0.916434672997206","-0.128039044184296","-1.17085680766003","-1.25284247397764","-1.32750217834177","1","4","1"
"111","구로구","개봉1동","31","6","25","4817","5797","714612.915","1.24665103533285","2.59581249740588","0.338248418487261","1.79424749582149","1.2324313695122","3.04529173394183","4","1","5"
"112","구로구","개봉2동","25","10","15","3128","5790","953713.43","1.15260029191257","0.421650238709059","-0.427166850426427","1.78891731345776","0.74034714850121","1.65784312513853","4","1","4"
"113","구로구","개봉3동","25","3","22","2632","3835","446571.386","-0.145864978011246","0.392757716998802","-0.749546187826035","0.300273524729877","-0.325396752618844","-0.307763633793936","4","6","3"
"114","구로구","고척1동","35","17","18","2961","4019","600056.778","0.110390927402963","0.288022325799122","-0.525828752905449","0.440381175433678","-0.112247972394833","0.0494169894358537","4","6","3"
"115","구로구","고척2동","24","5","19","3728","4696","633770.649","0.67163491317005","0.793641455728615","-0.0859349201964334","0.955885955468856","0.435681813805161","1.19302747409427","4","6","4"
"116","구로구","구로1동","12","1","11","2169","2273","790426.838","-0.135035605802653","0.288022325799122","-0.773426138744524","-0.889118597005645","-0.372178377908064","-0.907573695797694","1","4","3"
"117","구로구","구로2동","62","14","48","6155","5348","825547.384","1.40826764448935","0.916434672997206","0.835956869209462","1.45235436991928","0.585675399888725","2.31412764341246","4","1","5"
"118","구로구","구로3동","119","53","66","7607","3224","2650547.387","0.358524803660727","0.916434672997206","1.97591031568683","-0.164975250161546","0.834787554553824","1.73817063040474","2","5","2"
"119","구로구","구로4동","24","8","16","5017","4190","620035.21","0.350167353369313","0.916434672997206","0.446965037142489","0.570589916033405","0.0702003662331266","0.980909796866609","4","6","4"
"120","구로구","구로5동","57","18","39","6938","4302","1626604.614","1.1985074132316","0.916434672997206","1.44363877810892","0.65587283385311","1.18360304811657","2.42834630006653","4","1","5"
"121","구로구","수궁동","19","4","15","2834","3979","591852.133","0.193730009182136","-0.105638282503126","-0.607523321837124","0.409922990498069","-0.0289182023484093","-0.0572649237476056","4","6","3"
"122","구로구","신도림동","37","18","19","2964","4302","1986221.2","1.64133456810907","-0.206762108489025","-0.457959418716058","0.65587283385311","1.03536377298136","1.29416729200521","4","1","4"
"123","구로구","오류1동","10","4","6","5579","3694","608518.192","0.00598165404402682","1.21258302052734","0.987406031613566","0.192908422831856","0.397964128415727","1.15894123578864","4","6","4"
"124","구로구","오류2동","34","11","23","5702","7580","740021.0675","0.655685131275872","1.60624362882959","0.982378673525463","0.632267740528013","0.678726976440565","1.93508629772241","4","1","4"
"125","금천구","가산동","247","103","144","9891","2337","4781376.073","0.142525912326288","0.916434672997206","0.725983411032208","-0.840385501108671","1.44382583878786","1.04029382812644","8","3","2"
"126","금천구","독산1동","50","14","36","9801","5255","1060382.217","2.42434526301735","0.916434672997206","0.725983411032208","1.38153908994399","0.678726976440565","2.7611491224361","4","1","5"
"127","금천구","독산2동","15","3","12","4055","3200","200762.939","-0.216491318502071","0.916434672997206","0.0981920697803405","-0.183250161122912","-0.227447724669539","0.0640291986904233","4","6","3"
"128","금천구","독산3동","22","3","19","5803","4214","413899.953","0.785343321360278","0.916434672997206","0.854809462039848","0.58886482699477","0.551173951237924","1.62002664196125","4","1","4"
"129","금천구","독산4동","18","7","11","3380","2696","193714.736","-0.590575501968473","0.916434672997206","-0.2794882065884","-0.567023291311582","-0.680644719658862","-0.682897502293337","1","6","3"
"130","금천구","시흥1동","48","15","33","6731","5749","575053.519","1.58459807458144","0.916434672997206","1.40279149364308","1.75769767389876","1.53592716357602","3.25973128097858","4","1","5"
"131","금천구","시흥2동","11","6","5","2066","3750","740020.39","-0.0688822668762474","-1.00491802073487","-0.917962683777487","0.235549881741709","-0.397908271817136","-0.89251338292126","1","4","3"
"132","금천구","시흥3동","7","2","5","1473","2188","406420.723","-1.37958943581847","-0.838786020900891","-1.20075157623328","-0.953842239993813","-1.40751422259012","-2.61686662755558","1","4","1"
"133","금천구","시흥4동","9","2","7","3139","3741","354853.347","-0.121028048271973","1.66041710703632","-0.399516380941861","0.228696790131197","-0.257855781107532","0.302314669125489","4","6","3"
"134","금천구","시흥5동","15","7","8","3797","4066","277257.341","-0.27923105097142","1.12229389018278","-0.0897054387625107","0.476169542733018","-0.247329915417457","0.303866968569698","4","6","3"
"135","노원구","공릉1동","92","13","79","8228","5944","1006090.421","1.85933453909075","1.15840954232061","2.70424881870075","1.90618132545985","2.35899138350824","4.54684820769609","4","1","5"
"136","노원구","공릉2동","78","25","53","5491","4896","1131955.172","2.09840470165219","0.836980238294","1.08732477361461","1.1081768801469","1.84848689753962","3.18895424501804","4","1","5"
"137","노원구","상계10동","8","1","7","1752","2138","556561.27","-0.779854094483883","-1.1999425422791","-1.01913826530056","-0.991914971163324","-0.858999666074015","-2.12138831392576","1","4","1"
"138","노원구","상계1동","46","13","33","4386","6445","1112172.565","1.98657966254172","-0.831562890473327","0.252154911228496","2.28767009177835","1.56487329422372","2.56747401837423","4","1","5"
"139","노원구","상계2동","75","21","54","3219","3113","639895.4544","-0.238267773486742","-0.795447238335506","-0.400773220463886","-0.249496713357861","-0.358143890321298","-0.858898468510309","1","6","3"
"140","노원구","상계3.4동","27","6","21","4550","5653","467300.67","0.302965415807945","-0.994083325093521","0.139667774007191","1.6845980300533","0.496497926681148","0.867634120557975","4","6","4"
"141","노원구","상계5동","22","7","15","3886","4786","490365.915","0.263532375700568","-0.896571064321404","-0.0142950674409651","1.02441687157398","0.245339075909646","0.391751601990714","4","6","4"
"142","노원구","상계6.7동","37","18","19","4237","4589","1187833.84","1.34234972669792","-0.867678542611147","0.296144294499398","0.874410310766102","1.12804986808562","1.42089304530116","4","1","4"
"143","노원구","상계8동","8","3","5","2245","2651","725456.472","0.0834352074489646","-1.25411602048583","-0.690474730290824","-0.601288749364142","-0.130960622510521","-1.04645723194677","1","4","3"
"144","노원구","상계9동","8","0","8","2053","3146","679179.02","-0.155988086814931","-1.09159558586564","-0.809246065122258","-0.224368710785983","-0.348495180105397","-1.09611158704936","1","4","3"
"145","노원구","월계1동","46","15","31","4368","4074","566708.5689","0.0751954677250351","1.03561632505201","0.243357034574316","0.48226117972014","0.114058139941771","0.776526088234324","4","6","4"
"146","노원구","월계2동","16","4","12","4034","5256","760636.1989","0.47611766057795","-0.892959499107622","0.300543232826488","1.38230054456738","0.64298289086802","0.994890783114026","4","6","4"
"147","노원구","월계3동","11","3","8","3803","5605","1010349.551","0.982743943032133","-0.719604368846082","0.192455033932272","1.64804820813056","0.900281829958732","1.4895596829227","4","1","4"
"148","노원구","중계1동","24","11","13","1411","2227","910432.564","0.566990218676145","-1.13493436843102","-1.24599779902621","-0.924145509681595","-0.159029597684054","-1.19337731916734","1","4","3"
"149","노원구","중계2.3동","20","8","12","4881","6912","1151929.322","1.59130757692807","-0.874901673038712","0.670054052302061","2.64326940090158","1.51253635093141","2.69408085487197","4","1","5"
"150","노원구","중계4동","29","12","17","2532","3801","666372.5862","-0.226025874468333","-1.19633097706532","-0.610665420642188","0.27438406753461","-0.386212865494831","-0.866254332802867","1","6","3"
"151","노원구","중계본동","36","9","27","2024","2544","812979.212","0.309674918154573","-1.17466158578263","-1.22400310739076","-0.682764394066895","-0.3850433248626","-1.32008698476495","1","4","3"
"152","노원구","하계1동","26","8","18","4713","4083","874102.058","0.713422164627121","0.800864586156179","0.133383576397062","0.489114271330652","0.418138704321704","1.09948927254993","4","6","4"
"153","노원구","하계2동","4","1","3","1658","2991","676969.459","0.0086889970961751","-1.21438880313423","-0.987717277249916","-0.342394177411467","-0.368962141169431","-1.20598063676218","1","4","3"
"154","도봉구","도봉1동","29","8","21","4154","5382","344710.06","-0.111964334575651","-0.882124803466276","-0.0186940057680552","1.47824382711455","-0.0142989444455279","0.294177972569395","4","6","3"
"155","도봉구","도봉2동","28","1","27","4090","6044","865844.841","0.639499928246725","-1.02297584680378","-0.0739949447371887","1.98232678779887","0.510532414267914","1.05935343374771","4","6","4"
"156","도봉구","방학1동","48","14","34","4666","5294","781909.262","0.801822800808137","-0.365670977895437","0.282319059757114","1.41123582025621","0.68859497552501","1.35757009005796","4","1","4"
"157","도봉구","방학2동","12","2","10","3796","4080","257457.77","-0.247684618885519","-0.744885325342556","-0.17894104482634","0.486829907460481","-0.208442689395793","-0.338607507511761","1","6","3"
"158","도봉구","방학3동","14","1","13","1794","4436","933069.3116","0.651859537832619","-1.14576906407237","-1.03924769765297","0.757907753387399","0.102655118777523","-0.176372317444682","4","6","3"
"159","도봉구","쌍문1동","32","3","29","3139","4174","389563.392","-0.103606884284236","-0.520968282088067","-0.354270158148933","0.558406642059162","-0.142656028832827","-0.211140133387756","4","6","3"
"160","도봉구","쌍문2동","19","6","13","3043","3635","437057.372","-0.378931901630968","-0.708769673204735","-0.374379590501345","0.147982600051834","-0.365745904430797","-0.708830077526386","1","6","3"
"161","도봉구","쌍문3동","21","6","15","3159","3241","317730.5839","-0.704166199591216","-0.795447238335506","-0.18333998315343","-0.152030521563913","-0.53299021483976","-1.02030323202678","1","4","3"
"162","도봉구","쌍문4동","9","3","6","1524","2740","601782.3548","-0.404121963072696","-1.26856228134096","-1.14042327917605","-0.533519287882412","-0.706959383884048","-1.74238779584224","1","4","1"
"163","도봉구","창1동","27","3","24","3605","4229","732152.579","0.356288302878518","-0.817116629618198","-0.0840496609133948","0.600286646345624","0.268145118238141","0.250744234498237","4","6","3"
"164","도봉구","창2동","17","1","16","3754","4747","701035.1054","0.853850871636378","-0.416232890888386","-0.102902253743781","0.994720141261757","0.652631601083921","0.980066079333865","4","6","4"
"165","도봉구","창3동","10","1","9","2612","2760","187380.667","-0.996676959790715","-1.07353775979673","-0.723780977624507","-0.518290195414608","-0.955194383074975","-1.87677761080634","1","4","1"
"166","도봉구","창4동","18","8","10","2815","3885","1062517.801","0.54486063198902","-1.07353775979673","-0.500691962464934","0.338346255899388","0.233351284429283","-0.0765766860914949","4","6","3"
"167","도봉구","창5동","39","13","26","2862","4017","874659.697","0.30108204672819","-1.00491802073487","-0.443505764212762","0.438858266186897","0.107625666464503","-0.158246123686604","1","6","3"
"168","동대문구","답십리1동","28","4","24","4851","3887","336919.47","0.769687815884812","0.125501891178928","0.417429308374884","0.339869165146169","0.696196989634508","1.09504473292874","4","6","4"
"169","동대문구","답십리2동","13","3","10","4562","5264","836709.69","0.852438344826562","-0.246489325840628","0.248384392662419","1.3883921815545","0.7514577845074","1.42675445042393","4","1","4"
"170","동대문구","용신동","84","15","69","10307","5439","659100.022","1.04760246571621","0.916434672997206","0.725983411032208","1.52164674064779","1.9052096182028","2.75861568603094","4","1","5"
"171","동대문구","이문1동","59","17","42","6272","3211","271868.154","-0.109845544360926","0.916434672997206","1.71008875677838","-0.174874160265619","0.218732026526402","1.0881879504132","4","6","4"
"172","동대문구","이문2동","12","2","10","2800","3649","505120.055","-0.243682459591039","0.345807369219635","-0.345472281494753","0.158642964779297","-0.296158236813081","-0.231183333759582","4","6","3"
"173","동대문구","장안1동","57","13","44","7378","5897","950949.4751","1.87263583321653","0.916434672997206","1.53915858178287","1.87039295816051","1.972165819398","3.72246263245057","4","1","5"
"174","동대문구","장안2동","52","17","35","4600","4724","633855.8068","1.15365968701993","-0.271770282337102","0.100077329063379","0.977206684923782","0.92893557544838","1.39322736310931","4","1","4"
"175","동대문구","전농1동","44","13","31","7312","5338","387503.29","0.921769869075055","0.508327803839829","1.73522554721889","1.44473982368538","1.28593785343674","2.69727964743915","4","1","5"
"176","동대문구","전농2동","25","11","14","2245","3484","582925.448","-0.383051771492933","0.338584238792071","-0.855749127437211","0.0330029519199105","-0.591467246451285","-0.738064223621451","1","6","3"
"177","동대문구","제기동","40","1","39","6937","5438","498902.625","0.484945953139303","0.916434672997206","1.47443134639855","1.5208852860244","0.723973579649983","2.26931085090043","4","1","5"
"178","동대문구","청량리동","29","5","24","4988","5171","537755.758","-0.169053959805734","0.920046238210988","0.115159403327688","1.31757690157921","-0.156105746103477","0.805852950895313","4","6","4"
"179","동대문구","회기동","73","24","49","3908","1496","160392.11","-1.19242963351778","0.916434672997206","0.622922570226095","-1.48076883937984","-0.835608853429405","-1.03438891421678","1","4","3"
"180","동대문구","휘경1동","27","9","18","4049","2422","192721.874","-0.792919967474686","0.916434672997206","0.178001379428976","-0.775661858120502","-0.743507528641252","-0.689815137105942","1","6","3"
"181","동대문구","휘경2동","28","0","28","5496","3750","483100.867","0.214682490194414","1.23425241181003","1.08858161313664","0.235549881741709","0.505561866580934","1.38453438411925","4","1","4"
"182","동작구","노량진1동","104","20","84","6806","5410","1058364.631","1.0969231934923","-0.127307673785819","1.60325739740619","1.49956455656947","1.42160456677548","2.59173867460241","4","1","5"
"183","동작구","노량진2동","39","9","30","4171","2581","114791.93","-1.11297500046561","2.19854032388985","0.00707120443347284","-0.654590573001457","-0.906073676521293","-0.507636293079831","1","6","3"
"184","동작구","대방동","39","12","27","6928","5375","945099.28","1.99317145432087","0.201344760668352","1.85902424013843","1.47291364475081","2.01309974152606","3.52566169404345","4","1","5"
"185","동작구","사당1동","57","7","50","7554","3537","359399.348","0.0920280788753483","0.963385020776373","2.06891644031673","0.0733600469595921","0.837419020976342","1.77898869184644","4","1","4"
"186","동작구","사당2동","39","8","31","4166","4946","724237.69","0.593945938630143","0.353030499647199","-0.0174371662460295","1.14624961131641","0.438898050543795","1.12431614418663","4","6","4"
"187","동작구","사당3동","27","6","21","3469","4191","564035.931","0.328390898384642","-0.383728803964347","-0.295198700613722","0.571351370656795","0.0982693414066588","0.19200973929938","4","6","3"
"188","동작구","사당4동","15","4","11","3107","2487","247165.037","-0.979726638072917","-0.683488716708261","-0.252466156864847","-0.726167307600138","-0.781225214030686","-1.5242183223293","1","4","1"
"189","동작구","사당5동","13","2","11","2277","1976","264929.102","-1.2192676429043","-0.97602549902461","-0.657168482957141","-1.11527062015254","-0.904611750731005","-2.16285513986076","1","4","1"
"191","동작구","상도2동","28","9","19","5162","4234","564946.513","0.709302294765157","0.00632023912411866","0.603441557634696","0.604093919462575","0.677776724676877","1.22243888774053","4","6","4"
"192","동작구","상도3동","18","5","13","5197","4154","452124.994","0.329214872357035","0.0677168477584142","0.729753929598285","0.543177549591357","0.501760859526185","1.00857247467999","4","6","4"
"193","동작구","상도4동","27","10","17","5485","4673","467437.752","0.78263597830813","0.103832499896235","0.983635513047488","0.938372499130881","0.963144638941122","1.75694983376489","4","1","4"
"194","동작구","신대방1동","22","5","17","3639","3442","762834.9953","0.394897369013502","0.916434672997206","0.0472900691382972","0.00102185773752132","0.0740013732878757","0.560778060463865","4","6","4"
"195","동작구","신대방2동","35","16","19","4177","2888","959768.735","-0.297240767796581","-0.347613151826526","0.389150419129304","-0.42082400362066","-0.11517182397541","-0.324015677214412","1","6","3"
"196","동작구","흑석동","67","17","50","5514","5491","516068.2","1.44864236913661","0.916434672997206","0.948444006430767","1.56124238106408","1.23535522109277","2.74870205578784","4","1","5"
"197","마포구","공덕동","34","6","28","8739","5890","1124724.077","2.03225136272579","1.21619458574112","2.06451750198964","1.86506277579678","2.14613498844228","4.22871165149134","4","1","5"
"198","마포구","대흥동","55","11","44","4801","1851","237771.864","-1.13816506190733","0.916434672997206","0.612239434288876","-1.21045244807632","-0.54527039147818","-0.751618822464633","1","6","3"
"199","마포구","도화동","47","17","30","3601","3585","867738.451","-0.0765334537627534","-0.409009760460822","-0.278231367066375","0.109909868882323","-0.210489385502196","-0.358921870895459","1","6","3"
"200","마포구","망원1동","86","3","83","5073","3299","374164.143","-0.163403852566468","-0.0622994999377411","0.487812321608326","-0.10786615340728","0.041546620743479","0.100303468799555","4","5","2"
"201","마포구","망원2동","46","4","42","3156","2884","452032.367","-0.454148954253697","-0.694323412349607","-0.411456356401105","-0.423869822114221","-0.441473660367722","-1.05112072569973","1","4","3"
"202","마포구","상암동","145","38","107","4257","3756","1798894.885","1.13447286451992","0.94171562949368","0.432511382639193","0.24011860948205","0.838296176450515","1.57956911588056","2","5","2"
"203","마포구","서강동","102","12","90","5219","3060","706173.359","0.343575561590169","2.17325936739337","0.834071609926423","-0.289853808397542","0.485094905516901","1.40222248624592","4","5","2"
"204","마포구","서교동","566","75","491","8804","3329","1034607.141","0.324035607387708","0.916434672997206","0.725983411032208","-0.0850225147055734","1.3745305563282","1.43355342125174","6","2","6"
"205","마포구","성산1동","57","6","51","4204","2863","393396.424","-0.362570132750594","-0.00451445651722761","0.284832738801166","-0.439860369205415","-0.160491523474342","-0.316986445751113","1","6","3"
"206","마포구","성산2동","44","5","39","8155","5881","1171632.165","2.15255156269516","-0.365670977895437","2.28823493691023","1.85820968418627","2.39963292047825","3.96846138981304","4","1","5"
"207","마포구","신수동","36","1","35","3845","3208","467191.171","0.0744892043201268","0.461377456060662","0.0824815757550185","-0.17715852413579","0.0985617265647165","0.20000098210832","4","6","3"
"208","마포구","아현동","62","25","37","3211","2929","777662.191","0.248818554764979","0.381923021357456","-0.492522505571767","-0.389604364061661","0.0801414616070859","-0.117423345247796","1","6","3"
"209","마포구","연남동","203","3","200","4932","2367","270994.474","-0.740538764943991","2.55608528005428","0.684507706805358","-0.817541862406964","-0.361944897376048","0.298971401506937","3","3","2"
"210","마포구","염리동","31","6","25","2446","1780","177621.859","-1.14864130241347","2.1479784108969","-0.80296186751213","-1.26451572633702","-1.23296028322972","-1.35326754446133","1","4","1"
"211","마포구","용강동","55","14","41","3185","2818","1051131.629","-0.0945431705879138","0.450542760419316","-0.417740554011234","-0.474125827257975","-0.238850745833786","-0.415027963869094","1","6","3"
"212","마포구","합정동","127","13","114","5009","2604","576701.272","-0.481575516477633","0.12911345639271","0.406117752676652","-0.637077116663482","-0.264873024900915","-0.410509230251351","2","5","2"
"213","서대문구","남가좌1동","15","7","8","1469","2152","123020.978","-0.744658634805956","-0.289828108406013","-1.32643552843586","-0.981254606435861","-1.10635750979077","-2.05129827371712","1","4","1"
"214","서대문구","남가좌2동","44","9","35","4610","4248","455029.05","0.318150079013472","2.20937501953119","0.744207584101581","0.614754284190038","0.828647466234613","1.93344345619629","4","1","4"
"215","서대문구","북가좌1동","7","3","4","1598","2854","643403.215","-0.48075154250524","-0.88934793389384","-1.1818989834029","-0.446713460815927","-0.790289153930472","-1.66970249078773","1","4","1"
"216","서대문구","북가좌2동","35","7","28","5576","5988","665401.2075","1.24370827114573","-0.0803573260066515","0.886230450090492","1.93968532888902","1.28476831280451","2.47456373845867","4","1","5"
"217","서대문구","북아현동","9","1","8","2823","2252","167153.941","-0.673208320342738","0.125501891178928","-0.49754986365987","-0.905109144096839","-0.678013253236343","-1.24612624228774","1","4","1"
"218","서대문구","신촌동","230","66","164","9221","2188","524631.0168","0.132755935225057","0.916434672997206","0.725983411032208","-0.953842239993813","0.978348667160119","0.759834160286011","3","3","2"
"219","서대문구","연희동","92","7","85","10154","6209","801541.7885","2.1299511337381","0.916434672997206","0.725983411032208","2.10796680065826","2.69201807853588","3.91946123126698","4","1","5"
"220","서대문구","천연동","21","5","16","3312","3231","503336.292","-0.534427561278267","-0.307885934474923","-0.417740554011234","-0.159645067797815","-0.58474238781596","-0.910321465310903","1","4","3"
"221","서대문구","충현동","76","20","56","4474","3127","494436.949","-0.60399450666173","0.244683543233737","0.519861729419983","-0.238836348630398","-0.0227781140291991","-0.0800773310584094","4","6","3"
"222","서대문구","홍은1동","20","6","14","3114","4287","474785.4909","-0.0402785989774634","-0.18148115199255","-0.323477589859302","0.644451014502256","-0.0932429371210874","0.012354042771736","4","6","3"
"223","서대문구","홍은2동","34","7","27","4744","4817","658022.714","0.606187837648553","1.54123545498151","0.450107135947553","1.04802196489907","0.582166777992033","1.78070626240902","4","1","4"
"224","서대문구","홍제1동","23","6","17","3476","4274","585432.3322","0.206325039903","-0.362059412681655","-0.199050477178752","0.634552104398183","0.103824659409754","0.217221581258896","4","6","3"
"225","서대문구","홍제2동","11","4","7","1733","2576","427959.695","-1.02104304726005","-0.97602549902461","-1.01159722816841","-0.658397846118408","-1.07975046040752","-2.11286337379721","1","4","1"
"226","서대문구","홍제3동","24","3","21","2658","3442","338418.051","-0.80327849741334","-0.799058803549288","-0.644600087736884","0.00102185773752132","-0.796136857091625","-1.34281450879585","1","4","1"
"227","서초구","내곡동","20","3","17","2130","2974","5786","-0.560677017827357","-1.20355410749288","-0.923618461626602","-0.355338906009101","-0.749062846644347","-1.633624789178","1","4","1"
"228","서초구","반포1동","61","15","46","6313","3323","1151865.633","1.17626011597699","-0.098415152075562","1.27836438096253","-0.0895912424459147","1.10846006249576","1.62106892184746","4","1","5"
"229","서초구","반포2동","7","1","6","694","1855","714336.3","-0.807398367275305","-0.791835673121724","-1.72108313835195","-1.20740662958276","-1.3434818729755","-2.65405938027045","1","4","1"
"230","서초구","반포3동","17","5","12","1304","2409","771116.41","-0.33596754449905","-1.21077723792045","-1.34654496078827","-0.785560768224575","-0.628600161524604","-1.86208013020029","1","4","1"
"231","서초구","반포4동","95","31","64","1873","2656","1014821.893","-0.354565814161634","0.616674760253292","-1.22086100858569","-0.597481476247191","-0.813387581417025","-1.19095546101904","2","5","2"
"232","서초구","반포본동","17","5","12","757","1883","464874.68","-1.30119419787365","-1.18549628142397","-1.69594634791143","-1.18608590012783","-1.63294317945256","-3.14315504998522","1","4","1"
"233","서초구","방배1동","39","9","30","2931","2709","526338.9792","-0.673326030910223","-0.939909846886789","-0.461729937282136","-0.557124381207509","-0.647020426482235","-1.42265687528104","1","4","1"
"234","서초구","방배2동","52","10","42","3116","3361","417177.016","-0.269107942167736","-0.87129010782493","-0.547195024779887","-0.0606559667570864","-0.432117335309878","-0.918810584586143","1","4","3"
"235","서초구","방배3동","30","7","23","2233","3546","869307.961","-0.0928952226431278","-0.835174455687109","-0.993373055099032","0.0802131385701041","-0.520125267885224","-1.01006018783814","1","4","3"
"236","서초구","방배4동","45","7","38","3414","3223","902052.207","0.0987375812219767","-0.35483628225409","-0.293941861091697","-0.165736704784937","-0.0786236792182061","-0.324397558117513","1","6","3"
"237","서초구","방배본동","56","13","43","2103","2917","925493.818","-0.195303416354824","-0.701546542777171","-0.860776485525314","-0.398741819542344","-0.549071398532929","-1.18075823519384","1","4","3"
"238","서초구","서초1동","101","27","74","3946","2889","1080270.276","-0.196009679759732","-0.632926803715312","0.0944215512142632","-0.42006254899727","-0.201133060444352","-0.552382790817343","2","5","2"
"239","서초구","서초2동","104","30","74","3753","2088","1345568.488","-0.518772055802801","-0.242877760626846","0.116416242849714","-1.02998770233284","-0.249961381839976","-0.860835516640029","2","5","2"
"240","서초구","서초3동","216","54","162","5732","4387","1866484.83","0.907173758706951","-0.275381847550884","1.13005731736349","0.720596476841278","1.09413318975094","1.72030212959571","3","3","2"
"241","서초구","서초4동","93","34","59","2381","3889","1822674.863","1.02923961718859","-0.344001586612744","-0.957553128721298","0.341392074392949","0.240076143064608","0.195543930787836","2","5","2"
"242","서초구","양재1동","136","21","115","5971","6370","747844.138","0.655685131275872","-0.0911920216479978","1.08292583528752","2.23056099502408","2.21045972321496","2.85977979121318","2","5","2"
"243","서초구","양재2동","114","23","91","4964","2713","785315.428","-0.00979156199892404","-0.488464195164028","0.55631007555873","-0.554078562713948","0.154699676911781","-0.0864169215475812","2","5","2"
"244","서초구","잠원동","57","11","46","4666","3844","1144081.04","1.39920393079303","-0.64737306457044","-0.153175834624812","0.307126616340389","0.34094902259449","0.677964280512393","4","6","4"
"245","성동구","금호1가동","12","3","9","2125","2366","474744.38","-0.858131621861214","-1.06631462936916","-0.951897350872182","-0.818303317030354","-0.918353853159713","-2.03208155931864","1","4","1"
"246","성동구","금호2.3가동","21","5","16","3595","3777","2564712.981","0.109096111160631","-0.683488716708261","-0.335417565318547","0.256109156573245","-0.000264456858761768","-0.223681153011117","4","6","3"
"247","성동구","금호4가동","11","3","8","2172","2218","404697.818","-0.943707204422597","-0.892959499107622","-0.897853251425074","-0.930998601292107","-0.986479594987141","-2.07193679942594","1","4","1"
"248","성동구","마장동","21","5","16","4817","3652","475379.58","0.0930874739827107","1.20897145531356","0.39040725865133","0.160927328649467","0.155869217544012","0.78877275325259","4","6","4"
"249","성동구","사근동","74","22","52","5267","1446","100259.601","-1.14193180006685","0.916434672997206","1.06910060054524","-1.51884157054936","-0.595268253506035","-0.702650801405348","1","6","3"
"250","성동구","성수1가1동","33","6","27","3098","2068","492084.439","-0.715230992934779","-0.213985238916589","-0.388204825243629","-1.04521679480064","-0.657546292172309","-1.38448457247554","1","4","1"
"251","성동구","성수1가2동","89","16","73","3089","1937","443502.5246","-1.00162080362507","0.00270867391033657","-0.347985960538804","-1.14496735046476","-0.901687899150429","-1.59105362479336","1","4","1"
"252","성동구","성수2가1동","56","9","47","4134","2722","495210.442","-0.65001933854825","0.916434672997206","-0.0394318578814803","-0.547225471103436","-0.514862335040187","-0.510051600405514","1","6","3"
"253","성동구","성수2가3동","92","19","73","2904","1758","771991.772","-1.36099116615589","-0.203150543275243","-0.604381223032059","-1.28126772805161","-1.25664348103239","-2.18588642297187","1","4","1"
"254","성동구","송정동","6","0","6","2738","1662","118899.004","-1.390889650297","0.259129804088865","-0.469899394175303","-1.35436737189707","-1.20723038932065","-1.98801036681772","1","4","1"
"255","성동구","옥수동","24","5","19","3219","3787","746028.46","0.468231052556475","-0.434290716957296","-0.415855294728195","0.263723702807147","0.259665948654469","0.124511927890094","4","6","3"
"256","성동구","왕십리2동","12","1","11","2914","2476","375472.352","-0.647429706063587","0.0641052825446321","-0.48875198700569","-0.73454330845743","-0.661054914069001","-1.16575777292435","1","4","3"
"257","성동구","왕십리도선동","58","12","46","4418","3476","283929.49","0.532383311835641","0.363865195288546","0.364013628688789","0.0269113149327888","0.530122219857775","0.817265629068865","4","6","4"
"258","성동구","용답동","22","7","15","3998","2103","230718.51","-1.17171257364048","2.3899532802203","0.0366069332010782","-1.01856588298198","-0.967766944871453","-0.649950776998826","1","6","3"
"259","성동구","응봉동","8","2","6","1620","2456","483206.91","-0.830587349069792","-1.18549628142397","-1.25668093496343","-0.749772400925235","-1.07858091977529","-2.24881697707573","1","4","1"
"260","성동구","행당1동","40","15","25","3048","2320","288045.38","-0.798216943011498","0.266352934516429","-0.705556804555133","-0.853330229706304","-1.00519224510283","-1.48956958038703","1","4","1"
"261","성동구","행당2동","19","7","12","2371","3572","734411.95","0.164302367310959","-1.12048810757589","-0.809874484883271","0.10001095877825","-0.128329156088003","-0.700984463574926","1","6","3"
"262","성북구","길음1동","27","11","16","2519","4256","1279490.83","1.6288572479557","-0.705158107990953","-0.836896534606825","0.62084592117716","0.778941989364817","0.800716179926868","4","6","4"
"263","성북구","길음2동","17","5","12","2320","2377","456195.112","-0.779736383916399","-0.947132977314353","-0.871459621462533","-0.809927316173062","-0.814264736891198","-1.86216758276123","1","4","1"
"264","성북구","돈암1동","5","0","5","1753","2736","501467.55","-0.86201607058821","-1.0590914989416","-1.04804557430715","-0.536565106375973","-0.987649135619371","-1.98308116891332","1","4","1"
"265","성북구","돈암2동","2","0","2","1633","3245","905439.096","0.209974067495026","-1.06992619458294","-1.17184426722669","-0.148984703070352","-0.314286116612654","-1.03303146346635","1","4","3"
"266","성북구","동선동","103","18","85","5753","2183","277458.1","-0.820228819131138","1.64235928096741","1.3405779373028","-0.957649513110764","-0.161661064106572","0.288548642905716","4","5","2"
"267","성북구","보문동","27","4","23","3772","2331","163783.225","-0.775851935189403","-0.0875804564342157","-0.0262350429002098","-0.844954228849012","-0.596145408980208","-1.0810498861105","1","4","3"
"268","성북구","삼선동","77","19","58","6013","3983","433377.616","0.325918976467463","1.01033536855554","1.0917237119417","0.41296880899163","0.465212714768982","1.42284968385939","4","1","4"
"269","성북구","석관동","32","8","24","6482","6507","545058.752","1.56117367165199","1.95295388935267","1.53287438417275","2.33488027842854","1.82246461847249","4.06245875379043","4","1","5"
"270","성북구","성북동","47","1","46","3755","2997","311817.84","-0.66626339686114","0.483046847343355","-0.0677107471270599","-0.337825449671126","-0.555796257168255","-0.604952708320075","1","6","3"
"271","성북구","안암동","89","19","70","5938","2151","190320.5842","-0.675915663394886","0.916434672997206","1.82948851137083","-0.982016061059251","0.0228339706277908","0.41572715346492","4","5","2"
"272","성북구","월곡1동","29","9","20","3217","4416","674741.736","0.503661933369372","-0.7159928036323","-0.376264849784384","0.742678660919595","0.234813210219571","0.26708240706413","4","6","3"
"273","성북구","월곡2동","52","16","36","4104","3403","533559.87","-0.321959986968369","0.598616934184382","0.448850296425527","-0.0286748725746972","-0.0654663471056128","0.216626722214003","4","6","3"
"274","성북구","장위1동","15","2","13","3389","3575","254580.475","-0.312190009867139","-0.694323412349607","-0.355526997670959","0.10229532264842","-0.330367300305824","-0.666663524481796","1","6","3"
"275","성북구","장위2동","10","1","9","2503","3028","136783.75","-1.09143396661591","-0.564307064653452","-0.642714828453845","-0.314220356346029","-0.969521255819798","-1.62481151719997","1","4","1"
"276","성북구","장위3동","9","1","8","2310","2338","192930.514","-0.666734239131079","-0.658207760211786","-0.762743002807305","-0.83962404648528","-0.709590850306567","-1.62122184372015","1","4","1"
"277","성북구","정릉1동","16","5","11","2203","2937","554420.931","-0.446026925097252","0.425261803922841","-0.775311398027563","-0.383512727074539","-0.62421438415374","-0.904130462122778","1","4","3"
"278","성북구","정릉2동","17","7","10","3041","4171","567936.0548","0.0694276499182844","-0.401786630033258","-0.483096209156574","0.556122278188991","-0.0669282728959009","-0.112396178586257","4","6","3"
"279","성북구","정릉3동","19","3","16","4006","3164","227072","-0.707579806048273","0.916434672997206","0.127099378786933","-0.21066252756496","-0.584157617499845","-0.341610769276793","1","6","3"
"280","성북구","정릉4동","22","3","19","3658","4592","727592.563","0.41761550853805","0.0171549347654649","-0.247438798776744","0.876694674636273","0.198557450620425","0.580107867859182","4","6","4"
"281","성북구","종암동","39","9","30","6398","6309","966099.35","2.21576213743445","0.916434672997206","1.58063428600972","2.18411226299728","2.07069961766342","4.09456872976625","4","1","5"
"282","송파구","가락1동","15","3","12","1644","2772","12560.5","0.526380072893921","-1.0988187162932","-1.12974014323883","-0.509152739933925","0.10177796330335","-0.833319408634392","1","4","3"
"283","송파구","가락2동","41","8","33","2940","3792","978718.41","1.25665643356905","-0.640149934142876","-0.490637246288728","0.267530975924098","0.67134425119961","0.596161662609551","4","6","4"
"284","송파구","가락본동","81","20","61","4572","3382","1135967.919","0.545213763691474","-0.11286141293069","0.0755689583838768","-0.0446654196658918","0.406443297999399","0.433290970770023","2","5","2"
"285","송파구","거여1동","22","5","17","1868","2162","256412.331","-1.17983460279692","-1.04464523808647","-1.04113295693601","-0.973640060201959","-1.21746386985267","-2.43441851657417","1","4","1"
"286","송파구","거여2동","15","3","12","2507","3007","454774.741","-0.744305503103502","-1.14576906407237","-0.735092533322738","-0.330210903437224","-0.69438682208757","-1.57566565594529","1","4","1"
"287","송파구","마천1동","13","2","11","3526","3983","193060.765","-0.291943792259769","-0.690711847135825","-0.408314257596041","0.41296880899163","-0.376271770120871","-0.562770959052819","1","6","3"
"288","송파구","마천2동","16","6","10","3170","3837","321105.899","-0.353388708486786","-0.773777847052813","-0.475555172024419","0.301796433976658","-0.409311292981383","-0.718015553169997","1","6","3"
"289","송파구","문정1동","37","8","29","2774","2692","620836.97","-0.228733217520481","-0.687100281922043","-0.577359173308506","-0.570069109805143","-0.389429102233465","-1.05924633910612","1","4","3"
"290","송파구","문정2동","200","60","140","8458","3545","760124.743","0.791346560301998","-0.784612542694159","2.8041675607018","0.0794516839467139","1.58007732244272","2.21974409371698","3","3","2"
"291","송파구","방이1동","55","12","43","1845","2018","447270.675","-0.791036598394931","-0.961579238169482","-1.0505592533512","-1.08328952597015","-1.0040227044706","-2.17095033039003","1","4","1"
"292","송파구","방이2동","67","15","52","7290","3239","780904.814","0.329568004059489","0.515550934267394","2.25492868957654","-0.153553430810693","1.13682142282735","1.86854320051782","4","1","5"
"293","송파구","삼전동","66","10","56","8213","3669","601359.171","1.10280872186654","0.0568821521170679","2.0576048846185","0.173872057247101","1.56136467232703","2.34092186876164","4","1","5"
"294","송파구","석촌동","72","16","56","8566","4135","704633.856","1.3024458443206","1.22341771616868","2.30206017165251","0.528709911746943","1.79234894719256","3.22133704584985","4","1","5"
"295","송파구","송파1동","104","16","88","5889","3216","633262.87","0.327449213844764","0.241071978019955","1.03893645201662","-0.171066887148668","0.613159604746142","0.944012863007908","4","5","2"
"296","송파구","송파2동","28","5","23","1640","2668","648833.861","-0.280408156646268","-0.813505064404416","-1.13790960013199","-0.588344020766508","-0.643511804585543","-1.52033117631704","1","4","1"
"297","송파구","오금동","72","8","64","4320","5639","999730.064","2.09793385938226","-0.676265586280697","0.0152406613266403","1.67393766532583","1.50815057356054","2.25938866326473","4","1","5"
"298","송파구","오륜동","14","8","6","672","2374","883031.316","-0.515593870480714","-1.39135549860955","-1.69154740958434","-0.812211680043233","-1.07828853461724","-2.40021578139523","1","4","1"
"299","송파구","위례동","25","7","18","1047","1921","48429.29","0.594652202035051","-1.22161193356179","-1.26673565113964","-1.157150624439","-0.0423679196190602","-1.26810101406567","1","4","1"
"300","송파구","잠실2동","20","3","17","1839","3241","1279055.73","1.59672226303237","-1.07353775979673","-1.18944002053505","-0.152030521563913","0.529829834699718","0.026153656332195","4","6","3"
"301","송파구","잠실3동","41","14","27","1905","5071","1531844.18","1.50596741550166","-0.726827499273646","-1.21709049001962","1.24143143924019","0.584798244414552","0.742341079490479","4","6","4"
"302","송파구","잠실4동","12","1","11","1213","2521","37860.42","-0.11820299465234","-1.13132280321724","-1.49799412319237","-0.70027785040487","-0.707544154200164","-1.80141088345289","1","4","1"
"303","송파구","잠실6동","61","25","36","961","2575","1363406.17","-0.683096008011453","-0.737662194914992","-1.55580874120556","-0.659159300741799","-1.09349256283623","-2.13134651788971","1","4","1"
"304","송파구","잠실7동","4","0","4","520","2004","448407.535","-1.53649762227559","-1.38413236818199","-1.7286241754841","-1.09394989069761","-1.7630545747882","-3.36021664290585","1","4","1"
"305","송파구","잠실본동","84","33","51","8153","3457","690059.886","0.751442677924682","0.68168293410137","2.20339826917349","0.0124436770883746","1.36371230548007","2.28712737219379","4","1","5"
"306","송파구","장지동","38","5","33","3627","4122","915772.733","1.15483679269478","-0.629315238501529","-0.19213785980761","0.51881100164287","0.649707749503345","0.793523681311709","4","6","4"
"307","송파구","풍납1동","9","3","6","2546","2724","229670.62","-0.909453429284547","1.59179736797446","-0.743890409976919","-0.545702561856656","-0.997005460677215","-0.964354256443246","1","4","3"
"308","송파구","풍납2동","22","2","20","4014","3416","654152.94","0.24057881504105","-0.737662194914992","-0.108558031592897","-0.0187759624706244","0.181599111453083","-0.109223996745898","4","6","3"
"309","양천구","목1동","96","42","54","1588","2897","1918800.45","1.05101607217326","-0.589588021149926","-1.17121584746568","-0.413970912010148","0.22136349294892","-0.327132344266996","2","5","2"
"310","양천구","목2동","30","3","27","4663","3784","664951.165","0.969089517203907","-0.398175064819476","0.439424000010334","0.261439338936976","0.849406812456705","1.05993804806352","4","6","4"
"311","양천구","목3동","27","11","16","3617","3039","495261.559","-0.0175604594529148","-0.741273760128774","-0.056399191428828","-0.305844355488737","-0.00143399749099228","-0.426962548449681","4","6","3"
"312","양천구","목4동","28","5","23","2951","3027","626570.9641","0.431387644933761","-0.564307064653452","-0.485609888200625","-0.31498181096942","0.0272197479986553","-0.342946057355469","4","6","3"
"313","양천구","목5동","28","11","17","1667","3967","1858412.09","2.31934743682099","-1.20355410749288","-1.17372952650973","0.400785535017386","1.07600530995137","0.84672035627493","4","6","4"
"314","양천구","신월1동","13","3","10","4362","3767","346342.798","-0.173173829667699","-0.192315847633896","0.138410934485165","0.248494610339342","-0.048800393096328","0.00445299340589525","4","6","3"
"315","양천구","신월2동","13","0","13","2386","3569","460584.24","-0.131621999345597","-0.726827499273646","-0.819300781298464","0.0977265949080791","-0.388844331917349","-0.838767690659737","1","4","3"
"316","양천구","신월3동","13","1","12","3906","2812","161429.12","-0.768083037735413","-0.549860803798323","-0.110443290875936","-0.478694554998317","-0.621290532573163","-1.12230863224363","1","4","3"
"317","양천구","신월4동","16","3","13","1508","2941","515616.177","-0.496524758548191","-1.09159558586564","-1.19509579838417","-0.380466908580978","-0.795844471933567","-1.72552995915923","1","4","1"
"318","양천구","신월5동","19","4","15","2172","2214","282306.513","-0.903332479775342","-0.846009151328455","-0.933673177802809","-0.934044419785668","-0.986187209829083","-2.05455729820301","1","4","1"
"319","양천구","신월6동","3","1","2","645","1107","209120.684","-1.9574306116009","-1.27939697698231","-1.36916807218473","-1.77697468787864","-1.27097035377721","-3.42716742510757","1","4","1"
"320","양천구","신월7동","18","6","12","3005","4104","472086.87","-0.193302336707584","-0.918240455604097","-0.525200333144437","0.505104818421846","-0.254639544368898","-0.548043279367599","1","6","3"
"321","양천구","신정1동","26","4","22","1404","2518","550869.76","-0.190359572520466","-0.654596194998004","-1.33460498532903","-0.702562214275041","-0.734735973899523","-1.61036204874064","1","4","1"
"322","양천구","신정2동","30","9","21","1578","2448","640749.202","-0.301242927091061","-0.762943151411467","-1.19698105766721","-0.755864037912356","-0.755787705279672","-1.67021203777588","1","4","1"
"323","양천구","신정3동","24","8","16","4512","6432","1132856.031","0.655685131275872","0.132725021606492","0.332592640638145","2.27777118167428","2.21923127795669","2.61093990180877","4","1","5"
"324","양천구","신정4동","62","16","46","6734","5515","591705.626","1.45217368616115","1.5231776289126","1.55172697700313","1.57951729202545","1.57159815285905","3.41092341663546","4","1","5"
"325","양천구","신정6동","11","3","8","1011","2466","1017440.59","0.242462184120805","-1.3407935856166","-1.46091735729261","-0.742157854691332","-0.406387441400807","-1.55695027115494","1","4","1"
"326","양천구","신정7동","18","9","9","2961","4540","1041011.583","0.90164136203517","-0.676265586280697","-0.378778528828435","0.837099034219982","0.504099940790646","0.64214623974625","4","6","4"
"327","영등포구","당산1동","80","15","65","5400","3193","674884.5017","-0.202483760971391","0.501104673412265","0.673824570868139","-0.188580343486643","0.0941759491938521","0.350651677968484","4","5","2"
"328","영등포구","당산2동","84","25","59","8736","4280","1434131.726","1.53963263780229","0.161617543316749","2.77023289360711","0.639120832138525","2.21104449353108","3.44190353085894","4","1","5"
"329","영등포구","대림1동","15","5","10","3047","2693","165317.59","-0.813637027351995","0.916434672997206","-0.492522505571767","-0.569307655181753","-0.834731697955232","-0.964536518081317","1","4","3"
"330","영등포구","대림2동","18","4","14","3682","2677","265935.695","-0.220611188364036","0.916434672997206","-0.169514748411146","-0.581490929155996","-0.912213764840503","-0.573016473700246","1","6","3"
"331","영등포구","대림3동","27","6","21","4012","4003","546144.92","0.634909216114821","0.916434672997206","-0.0520002531017379","0.428197901459434","0.0947607195099673","0.831293863985607","4","6","4"
"332","영등포구","도림동","20","4","16","4496","3187","298463.465","-0.199187865081819","0.916434672997206","0.359614690361699","-0.193149071226984","-0.208150304237735","0.199447957415795","4","6","3"
"333","영등포구","문래동","97","26","71","3644","4375","1829836.983","1.02629685300148","-0.607645847218837","-0.0664539076050341","0.711459021360596","0.875429091523834","0.994017373589617","2","5","2"
"334","영등포구","신길1동","23","5","18","6206","3178","218406.765","-0.411302307689263","0.916434672997206","1.22054976294934","-0.200002162837496","-0.0262867359258907","0.58556747073392","4","6","4"
"335","영등포구","신길3동","15","4","11","2960","2926","178539.84","-0.531720218226119","0.916434672997206","-0.532741370276591","-0.391888727931832","-0.679767564184689","-0.693995873692736","1","6","3"
"336","영등포구","신길4동","9","0","9","1930","1771","139623.7","-1.56074599917744","2.20937501953119","-0.991487795815994","-1.27136881794753","-1.43821466418618","-1.71948982205155","1","4","1"
"337","영등포구","신길5동","7","2","5","1788","1815","150505.9127","-1.48011426045041","0.916434672997206","-1.04741715454614","-1.23786481451836","-1.39289496468724","-2.112910947947","1","4","1"
"338","영등포구","신길6동","31","6","25","3705","3062","382579.196","-0.44849884701443","3.03281188827351","-0.0457160554916091","-0.288330899150762","-0.458431999535065","0.451764655886872","4","6","4"
"339","영등포구","신길7동","20","7","13","1947","2031","199636.05","-0.726178075710857","-0.636538368929094","-0.913563745450396","-1.07339061586608","-0.574216522125885","-1.75261858268705","1","4","1"
"340","영등포구","양평1동","47","11","36","4451","2382","783490.15","-0.586337921539024","-0.120084543358255","0.419942987418935","-0.806120043056111","-0.277445586697393","-0.621581617811258","1","6","3"
"341","영등포구","양평2동","67","19","48","4107","2403","818526.67","-0.0520496557259342","-0.488464195164028","0.212564466284685","-0.790129495964916","0.0725394474975876","-0.413322174291571","1","6","3"
"342","영등포구","여의동","273","95","178","4083","5864","4089606.72","1.33646419832368","-0.0731341955790873","-0.239269341883576","1.84526495558863","0.804087112957773","1.72028611293486","8","3","2"
"343","영등포구","영등포동","122","42","80","12358","3336","1257732.524","0.461639260777331","1.15479797710682","0.725983411032208","-0.0796923323418419","1.85755083743941","1.81650626243314","2","5","2"
"344","영등포구","영등포본동","33","11","22","4581","3781","599925.2085","0.184666295485813","0.916434672997206","0.108875205717559","0.259154975066806","-0.0713140502667653","0.535186018416616","4","6","4"
"345","용산구","남영동","67","17","50","4170","1592","446241.49","-1.74590472183088","0.883930586073167","-0.421511072577311","-1.40766919553438","-1.57797476973772","-2.12400965580729","1","4","1"
"346","용산구","보광동","17","2","15","4017","2711","132090.795","-0.868960994069807","0.916434672997206","0.042891130811207","-0.555601471960729","-0.743507528641252","-0.690293789016194","1","6","3"
"347","용산구","서빙고동","11","0","11","1693","2028","466714.32","-1.07613159284289","1.3606571942924","-1.17812846483682","-1.07567497973625","-1.31131950558917","-1.71655799183807","1","4","1"
"348","용산구","용문동","12","1","11","1939","2020","291473.126","-1.25446310258223","-0.914628890390315","-0.928017399953693","-1.08176661672337","-1.24231660828757","-2.43330332123345","1","4","1"
"349","용산구","용산2가동","39","3","36","2775","2050","119589.835","-1.34286373876324","0.916434672997206","-0.717496780014378","-1.05892297802166","-1.36950415204263","-1.8011700806608","1","4","1"
"350","용산구","원효로1동","55","8","47","3737","1916","809543.829","-0.778559278241552","0.876707455645603","-0.199678896939765","-1.16095789755595","-0.662809225017347","-1.00770201431386","1","4","3"
"351","용산구","원효로2동","13","2","11","2071","2367","441402.21","-1.00362188327231","-0.867678542611147","-0.912306905928371","-0.817541862406964","-1.09436971831041","-2.09968339596483","1","4","1"
"352","용산구","이촌1동","18","7","11","2192","4370","1220799.075","0.707536636252886","1.8662763242219","-1.15676219296238","0.707651748243645","-0.0616653400508636","0.724710552678715","4","6","4"
"353","용산구","이촌2동","8","0","8","1310","1730","294545.993","-1.67610235531245","-1.05186836851403","-1.41378587521665","-1.30258845750653","-1.72036634171179","-3.23915788273843","1","4","1"
"354","용산구","이태원1동","62","8","54","2165","1545","204344.85","-1.65055916216827","0.916434672997206","-0.988974116771942","-1.44345756283372","-1.77796621784914","-2.44544507472784","1","4","1"
"355","용산구","이태원2동","53","4","49","2595","1847","194978.092","-1.46351707043507","0.916434672997206","-0.740748311171854","-1.21349826656988","-1.47417803862726","-1.98979873755958","1","4","1"
"356","용산구","청파동","84","11","73","6263","3277","277435.58","-0.304067980710694","1.56651641147798","1.36068736965522","-0.124618155121865","0.188031584930351","1.06235891687323","4","5","2"
"357","용산구","한강로동","164","43","121","5534","2978","1695209.627","-0.424839022950004","0.916434672997206","0.441309259293373","-0.35229308751554","-0.117218520081813","0.102129229140896","2","3","2"
"358","용산구","한남동","119","14","105","6138","3523","997027.5558","0.0541252761452724","0.916434672997206","0.692048743937512","0.0626996822321291","0.0728318326556452","0.726789285446168","2","5","2"
"359","용산구","효창동","23","1","22","1486","1416","211387.65","-1.52366717041975","-0.990471759879739","-1.23845676189406","-1.54168520925106","-1.53908754371606","-3.08339551364894","1","4","1"
"360","용산구","후암동","37","1","36","4058","2976","329104.14","-0.564914598256807","0.551666586405214","-0.158831612473927","-0.353815996762321","-0.55638102748437","-0.583142887235578","1","6","3"
"361","은평구","갈현1동","39","12","27","4625","4270","442976.8762","0.152060468292549","-0.535414542943195","0.201252910586453","0.631506285904623","0.221655878106978","0.37471033535474","4","6","4"
"362","은평구","갈현2동","50","8","42","4291","4689","594094.933","0.8128875941517","-0.0622994999377411","0.0523174272264002","0.950555773105124","0.668712784777091","1.14218825747963","4","6","4"
"363","은평구","구산동","24","8","16","4135","5822","739680.88","1.24300200774082","-0.585976455936144","-0.168257908889121","1.81328386140624","0.778357219048701","1.50642586350997","4","1","4"
"364","은평구","녹번동","48","10","38","6625","6569","577781.229","1.78529459214287","0.201344760668352","1.24442971386783","2.38209046507874","1.90608677367697","3.49641895398921","4","1","5"
"365","은평구","대조동","63","16","47","6761","4831","576807.035","0.549215922985954","-0.0297954130137023","1.5988584590791","1.05868232962654","1.05963174110014","1.98821051438767","4","1","5"
"366","은평구","불광1동","29","7","22","6633","7432","1080209.718","2.08027727425955","-0.322332195330052","1.05401852628093","0.632267740528013","1.98912415856534","2.62141609972553","4","1","5"
"367","은평구","불광2동","20","7","13","5986","5602","463858.373","0.742496674795844","-0.33677845618518","0.965411339978115","1.64576384426039","0.993552695379116","1.9114591190576","4","1","4"
"368","은평구","수색동","6","2","4","1385","1727","333450.289","-1.68234101538914","-1.16382689014128","-1.31323871345459","-1.3048728213767","-1.63382033492673","-3.19268628935774","1","4","1"
"369","은평구","신사1동","28","5","23","3746","4648","640951.356","0.626904897525861","-0.528191412515631","-0.0274918824222356","0.919336133546125","0.521643050274104","0.771414036327455","4","6","4"
"370","은평구","신사2동","14","3","11","3215","3665","435517.2634","-0.161167351784258","-0.896571064321404","-0.464243616326187","0.17082623875354","-0.278907512487681","-0.658935842991716","1","6","3"
"371","은평구","역촌동","64","9","55","7484","7953","930858.4963","0.655685131275872","0.0821631086135426","1.5209344087135","0.632267740528013","0.678726976440565","1.66513097790236","4","1","5"
"372","은평구","응암1동","39","18","21","4797","4051","664875.4877","0.283660882740453","-0.289828108406013","0.451363975469579","0.464747723382165","0.572810452934189","0.733146628991885","4","6","4"
"373","은평구","응암2동","14","2","12","2823","3342","230182.71","0.261531296053328","-0.618480542860183","-0.554107642151029","-0.0751236046015006","0.273408051083178","-0.247867064805171","1","6","3"
"374","은평구","응암3동","39","6","33","5856","5412","362623.15","0.333923295056423","-0.0550763695101769","0.86612101773808","1.50108746581625","0.614913915694487","1.51836327790507","4","1","4"
"375","은평구","증산동","17","3","14","2467","2974","379414.662","-0.832470718149548","-0.90740575996275","-0.827470238191632","-0.355338906009101","-0.88297524903474","-1.68173421195904","1","4","1"
"376","은평구","진관동","66","13","53","6158","7580","1909287.994","0.655685131275872","-0.546249238584541","1.06155956341309","0.632267740528013","0.678726976440565","1.23505312957237","4","5","5"
"377","종로구","가회동","50","12","38","940","913","68774.71","-2.20780098864088","-1.05186836851403","-1.52187407411086","-1.92469688481634","-2.1791186547042","-4.04523000904816","5","4","1"
"378","종로구","교남동","18","6","12","1641","1557","81821.4","-1.47564125888599","-0.903794194748968","-1.15236325463529","-1.43432010735304","-1.48528867463345","-2.91619736389299","1","4","1"
"379","종로구","무악동","7","3","4","743","1413","245158.164","-1.7072956556959","-1.26856228134096","-1.60796758136963","-1.54396957312123","-1.84287572293793","-3.58689326342254","1","4","1"
"380","종로구","부암동","26","5","21","1626","1756","197684.625","-1.49412181798109","0.197733195454569","-1.20892103312645","-1.28279063729839","-1.58265293226664","-2.55308985575976","1","4","1"
"381","종로구","사직동","169","37","132","2275","1767","961382.8843","-1.58075679564984","-0.419844456102168","-0.983946758683839","-1.2744146364411","-1.56335551183484","-2.6876265051296","5","3","2"
"382","종로구","삼청동","80","8","72","746","643","13868.705","-2.38330744476057","-0.567918629867234","-1.6796074341251","-2.1302896331317","-2.38437303566066","-4.22877783293771","5","4","1"
"383","종로구","숭인1동","5","3","2","1356","1154","134410.56","-1.96720058870213","-0.192315847633896","-1.28558824397002","-1.7411863205793","-1.91918824919097","-3.31732863148673","1","4","1"
"384","종로구","숭인2동","26","10","16","3780","1643","266306.2011","-1.57051597627867","0.259129804088865","-0.040688697403506","-1.36883500974148","-1.20489130805619","-1.8784258689099","1","4","1"
"385","종로구","이화동","93","26","67","2675","1373","158290.88","-1.73907750891677","0.818922412225089","-0.602495963749021","-1.57442775805684","-1.5504905648803","-2.28946365024777","1","4","1"
"386","종로구","종로1.2.3.4가동","339","90","249","4140","1857","1025711.81","-1.7419025625364","2.97141527963922","-0.428423689948453","-1.20588372033598","-1.62270969892054","-1.34128909395413","9","3","2"
"387","종로구","종로5.6가동","80","14","66","2309","1115","74397.46","-2.04877401196903","0.360253630074764","-0.90790796760128","-1.77088305089152","-1.89872128812694","-2.99389408285059","1","4","1"
"388","종로구","창신1동","15","1","14","1721","1204","204564.92","-2.02052347577271","1.58818580276067","-1.24662621878722","-1.70311358940979","-2.00164086376323","-2.73755302188998","1","4","1"
"389","종로구","창신2동","8","3","5","1916","1679","106299.88","-1.58264016472959","3.07976223605268","-1.1090022911254","-1.34142264329943","-1.6671522429453","-1.62893609883284","1","4","1"
"390","종로구","창신3동","8","1","7","933","1194","178829.55","-1.88021247933093","-0.835174455687109","-1.5331856298091","-1.71072813564369","-1.92620549298436","-3.60140611090789","1","4","1"
"391","종로구","청운효자동","71","1","70","1961","2178","347447.695","-1.20808513899325","-0.539026108156977","-1.05244451263424","-0.961456786227715","-1.32359968222759","-2.32582475225595","1","4","1"
"392","종로구","평창동","26","1","25","2425","3250","586956.832","-0.52124397771998","-0.864066977397365","-1.10020441447122","-0.145177429953401","-0.854029118387035","-1.5372208016544","1","4","1"
"393","종로구","혜화동","120","20","100","5529","2622","288402.68","-0.330670568962238","0.916434672997206","1.17656037967844","-0.623370933442458","-0.11137081692066","0.371868713711002","2","5","2"
"394","중구","광희동","104","26","78","1910","1142","572625.601","-1.99639280943834","0.916434672997206","-1.04427505574108","-1.75032377605998","-1.9376085141486","-2.8517292603351","5","4","1"
"395","중구","다산동","29","6","23","3141","2556","278056.5","-0.966307633379661","0.407203977853931","-0.368723812652229","-0.673626938586213","-0.854321503545093","-1.21034881796071","1","4","3"
"396","중구","동화동","18","3","15","1151","1733","231073.811","-1.44185832601788","-0.835174455687109","-1.41881323330475","-1.30030409363636","-1.58323770258276","-2.98816927773367","1","4","1"
"397","중구","명동","280","85","195","1063","721","690861.354","-2.31621242129429","0.847814933935346","-1.55329506216151","-2.07089617250726","-2.37560148091893","-3.6218809778234","10","3","2"
"398","중구","소공동","140","55","85","624","252","620866.2043","-2.37600938957652","2.21298658474498","-1.64504434726939","-2.42801839087728","-2.41536586241477","-3.40583863600567","5","4","1"
"399","중구","신당5동","16","3","13","2624","1677","52392.22","-1.44962722347187","-0.0767457607928694","-0.547195024779887","-1.34294555254622","-1.23880798639087","-2.17734683016442","1","4","1"
"400","중구","신당동","58","15","43","2741","1324","373789.82","-1.64914663535845","0.916434672997206","-0.521429814578359","-1.61173903460296","-1.50809471696195","-2.17151378357142","1","4","1"
"401","중구","약수동","11","5","6","2862","3591","541375.95","-0.648606811738434","-0.676265586280697","-0.627632754189536","0.114478596622664","-0.661054914069001","-1.10265355864372","1","4","3"
"402","중구","을지로동","94","16","78","1065","478","191364.328","-2.49984090657044","-0.690711847135825","-1.42761110995893","-2.25592964599109","-2.36010506754188","-4.25345236984099","5","4","1"
"403","중구","장충동","20","5","15","1706","798","128048.19","-2.07361094170831","1.89155728071837","-0.970121523941556","-2.01226416650622","-1.91743393824263","-2.62818506237879","1","4","1"
"404","중구","중림동","40","7","33","2489","1994","372701.956","-1.21267585112515","-0.275381847550884","-0.895967992142036","-1.10156443693152","-1.23091358712332","-2.18285772731811","1","4","1"
"405","중구","청구동","16","2","14","2478","2601","378923.03","-1.02751712847171","-0.643761499356658","-0.70932732312121","-0.639361480533653","-1.00051408257391","-1.81395794726691","1","4","1"
"406","중구","필동","93","26","67","1418","814","164616.795","-2.14517896673901","2.27077162816549","-1.27741878707685","-2.00008089253197","-2.12853602236024","-2.77270572979654","1","4","1"
"407","중구","황학동","18","7","11","3706","1886","369768.399","-1.12474605721408","2.32133354115844","-0.056399191428828","-1.18380153625766","-0.869233146606032","-0.721322772802248","1","6","3"
"408","중구","회현동","117","36","81","2091","1407","699360.325","-2.0474791957267","0.753914238377012","-1.37356701051182","-1.54853830086157","-2.09812796592224","-3.07249595415346","5","4","1"
"409","중랑구","망우3동","14","5","9","3717","3090","120892.881","-0.624240724269099","-0.105638282503126","-0.22481568738028","-0.267010169695836","-0.53415975547199","-0.817630840620442","1","4","3"
"410","중랑구","망우본동","45","10","35","6657","5506","523236.258","0.921299026805116","-0.130919238999601","1.05653220532498","1.57266420041493","1.07425099900302","2.11605351409681","4","1","5"
"411","중랑구","면목2동","26","3","23","5501","4219","349945.099","0.317561526176049","-0.185092717206332","0.578933186955194","0.592672100111721","0.439482820859911","0.838095019322063","4","6","4"
"412","중랑구","면목3.8동","38","12","26","5554","4650","330678.2432","0.393720263338655","0.186898499813223","0.813333757812998","0.920859042792906","0.607311901584989","1.34025633040984","4","1","4"
"413","중랑구","면목4동","21","2","19","3940","3519","329419.206","-0.375753716308881","-0.358447847467873","-0.235498823317499","0.0596538637385682","-0.392645338972098","-0.575129091857691","1","6","3"
"414","중랑구","면목5동","6","1","5","1932","1603","105453.56","-1.57957968997499","-0.979637064238392","-0.950640511350156","-1.39929319467709","-1.01718003658319","-2.65569877289629","1","4","1"
"415","중랑구","면목7동","15","3","12","4283","3936","408408.8315","-0.122911417351728","-0.246489325840628","0.151607749466435","0.377180441692289","0.0856967796101808","0.138944182934375","4","6","3"
"416","중랑구","면목본동","39","8","31","8421","5724","314768.232","1.52444797459676","1.65319397660875","2.07834273673193","1.738661308314","1.88298834619042","3.95828591761877","4","1","5"
"417","중랑구","묵1동","34","7","27","4674","5404","1975764.217","1.503377783017","-0.781000977480377","0.432511382639193","1.49499582882913","1.27892060964336","1.94346673564176","4","1","5"
"418","중랑구","묵2동","23","1","22","3887","3239","303443.5944","-0.393528011999072","-0.575141760294798","-0.00235509198172036","-0.153553430810693","-0.242651752888535","-0.572313427878003","1","6","3"
"419","중랑구","상봉1동","26","6","20","3124","3437","551385.8418","0.265415744780323","-0.835174455687109","-0.424653171382376","-0.00278541537942977","0.0696155959170113","-0.32548219696028","4","6","3"
"420","중랑구","상봉2동","41","12","29","6432","2801","381559.648","-0.4002375143457","-0.228431499771717","1.41787356790739","-0.487070555855609","0.316096284159592","0.327208379008991","4","6","3"
"421","중랑구","신내1동","38","6","32","3519","6260","1108151.047","2.07286150850801","-0.936298281673007","-0.393860603092745","2.14680098645116","1.30406573323632","2.08130839368777","4","1","5"
"422","중랑구","신내2동","14","2","12","2810","3652","885826.2","-0.157636034759717","-1.10965341193455","-0.490008826527715","0.160927328649467","-0.213998007398888","-0.71538544696568","1","6","3"
"423","중랑구","중화1동","20","0","20","3211","3265","481158.46","-0.274051786002093","-0.744885325342556","-0.439735245646685","-0.133755610602547","-0.312531805664308","-0.802788679597168","1","6","3"
"424","중랑구","중화2동","24","9","15","7281","4760","259907.912","0.47435200206568","0.569724412474125","1.50962285301527","1.00461905136583","0.876013861839949","2.00301184123846","4","1","4"
"423.1","강남구","대치4동","147","45","102","5333","1954","16143716.77","-0.285116579","-0.36205941","0.764317016","-1.132022622","0.014939571","-0.40497609",NA,NA,NA
"424.1","동작구","상도1동","81","21","60","9738","6609","18129211.4","0.655685131","0.916434673","0.725983411","2.41254865","0.67872698","2.38026791",NA,NA,NA
